ID,comp1,GroupContrib,importance
901_214.1078_1.41,1.9187628236925116,wild type control_4,0.033961733836158
1969_218.093_2.82,1.910288204116533,wild type control_4,0.033811734695645045
977_390.1403_1.7,1.9069152448602193,Ctns gene knockout_4,-0.03375203396396072
2590_336.2179_3.37,1.9057498016473158,wild type control_4,0.03373140584269995
1448_340.1762_2.35,1.9054484203584012,wild type control_4,0.033726071451710644
2085_379.2124_2.92,1.9046061609804343,wild type control_4,0.03371116362232063
2720_363.2175_3.5,1.9030516807480287,wild type control_4,0.03368364962045721
1944_389.2178_2.79,1.898954359039517,Ctns gene knockout_4,-0.03361112781234869
627_381.0801_0.76,1.896881837531179,Ctns gene knockout_4,-0.0335744445792952
2479_200.1285_3.12,1.8959302667247735,wild type control_4,0.03355760195859484
925_216.1236_1.5,1.894872679269992,wild type control_4,0.0335388828635591
1898_363.2175_2.73,1.894752516374135,wild type control_4,0.03353675600335747
2764_338.2333_3.55,1.8928607273706775,wild type control_4,0.03350327170096414
679_198.1128_0.84,1.892166249989893,wild type control_4,0.03349097958457008
2022_365.2331_2.86,1.8903643933209744,wild type control_4,0.03345908706724323
1274_252.0872_2.27,1.8900977904363592,Ctns gene knockout_4,-0.033454368247337274
770_250.0385_1.03,1.889202470984018,wild type control_4,0.03343852126481119
1077_327.1407_1.9,1.8864095436325086,Ctns gene knockout_4,-0.03338908698655415
632_376.1247_0.76,1.885220790297382,Ctns gene knockout_4,-0.03336804628060243
814_231.1709_1.14,1.885018669221038,wild type control_4,0.03336446877633107
906_230.1028_1.42,1.8846382129416714,wild type control_4,0.03335773477318248
1083_216.1236_1.91,1.8831409238535644,wild type control_4,0.03333123304360018
2138_392.2288_2.96,1.8826143368400414,Ctns gene knockout_4,-0.033321912554494376
1343_330.1916_2.25,1.8809254305007583,wild type control_4,0.03329201923633088
2453_351.1422_3.27,1.8802969968150822,wild type control_4,0.03328089608066877
1809_208.0973_2.65,1.87976901936256,Ctns gene knockout_4,-0.03327155098105945
2914_226.1443_3.65,1.879569516623931,wild type control_4,0.03326801982086329
2089_404.2287_2.93,1.878506140938149,Ctns gene knockout_4,-0.03324919827524939
1701_297.1453_2.54,1.877976256459943,Ctns gene knockout_4,-0.03323981942165137
2297_231.077_3.11,1.877364115068856,Ctns gene knockout_4,-0.03322898463647757
1563_279.1712_2.43,1.8768170323044466,wild type control_4,0.03321930137651349
1470_182.1292_2.36,1.8752606753346426,Ctns gene knockout_4,-0.0331917541567582
789_311.1608_1.07,1.8748054975353408,Ctns gene knockout_4,-0.0331836975970432
1029_180.0659_1.78,1.873635252022344,Ctns gene knockout_4,-0.03316298447599217
1028_105.0337_1.78,1.872929354741777,Ctns gene knockout_4,-0.033150490229563026
2128_270.1705_2.95,1.872769723233594,Ctns gene knockout_4,-0.03314766478249587
2931_420.26_3.76,1.8726397059713091,wild type control_4,0.03314536350189917
639_247.1294_0.77,1.8725232706859893,Ctns gene knockout_4,-0.033143302619688855
512_158.0274_0.57,1.871477558304215,Ctns gene knockout_4,-0.03312479371116693
3110_429.2623_3.94,1.8707416326154063,wild type control_4,0.03311176796767331
959_168.1135_1.5,1.8704666916686459,Ctns gene knockout_4,-0.03310690156566716
771_280.0492_1.07,1.8701210581449066,Ctns gene knockout_4,-0.03310078391861191
1926_216.1389_2.76,1.8687263292683214,Ctns gene knockout_4,-0.033076097485095844
436_359.1457_0.49,1.8664762306720222,Ctns gene knockout_4,-0.033036271171656244
2865_355.1736_3.69,1.865724113027488,wild type control_4,0.03302295883365295
1903_198.1128_2.73,1.8651901701603237,wild type control_4,0.033013508147349026
1027_202.0477_1.78,1.8650350779782705,Ctns gene knockout_4,-0.03301076304548343
2750_314.2332_3.54,1.8647521907451503,wild type control_4,0.03300575599573333
1132_295.166_1.96,1.8640490807607557,wild type control_4,0.03299331108391165
547_297.1452_0.62,1.8608172679446007,Ctns gene knockout_4,-0.03293610861713709
1287_406.208_2.26,1.860198991972234,Ctns gene knockout_4,-0.032925165251051644
1358_159.0444_2.26,1.8589641436118394,Ctns gene knockout_4,-0.032903308671996694
208_160.1336_0.27,1.8586501583025372,Ctns gene knockout_4,-0.0328977511922648
2725_486.2344_3.51,1.8579296724194934,wild type control_4,0.03288499873037086
2828_277.143_3.61,1.8578455933092888,wild type control_4,0.03288351054625207
855_226.0714_1.31,1.8576381269598403,Ctns gene knockout_4,-0.03287983843167234
1529_167.107_2.41,1.8573771502107719,wild type control_4,0.0328752191932861
722_293.1349_0.93,1.8566726570161958,Ctns gene knockout_4,-0.0328627497989096
2836_500.2501_3.64,1.855757481088391,wild type control_4,0.032846551360577576
1467_302.1504_2.36,1.855515549616503,wild type control_4,0.032842269219943314
2174_392.2552_2.99,1.8534471229381282,wild type control_4,0.03280565846459452
1948_177.1641_2.79,1.8532452540679012,Ctns gene knockout_4,-0.032802085424323044
444_190.1077_0.48,1.8483439865246938,Ctns gene knockout_4,-0.032715333929189384
1199_264.0542_2.05,1.8483133321719798,Ctns gene knockout_4,-0.03271479135302784
1836_270.0855_2.67,1.847633209437228,wild type control_4,0.0327027533111144
2259_310.2018_3.09,1.8469016573049455,wild type control_4,0.03268980497873216
767_183.0655_1.03,1.8463342887154055,Ctns gene knockout_4,-0.03267976266355541
1981_131.0494_2.83,1.845564935876361,Ctns gene knockout_4,-0.032666145265916116
1979_206.0816_2.83,1.8442157045172256,Ctns gene knockout_4,-0.03264226412972953
1909_308.1533_2.75,1.8435666156812966,Ctns gene knockout_4,-0.03263077538187094
1359_411.1634_2.26,1.8435131114301369,Ctns gene knockout_4,-0.032629828366890996
600_124.0759_0.7,1.843169402434129,Ctns gene knockout_4,-0.03262374478360734
2106_252.1599_2.94,1.8427070310810025,Ctns gene knockout_4,-0.03261556089936983
1562_174.0917_2.43,1.8425986309256457,Ctns gene knockout_4,-0.032613642237418194
769_200.092_1.04,1.83904243589736,Ctns gene knockout_4,-0.032550698267726476
1925_234.1495_2.77,1.838089897488409,Ctns gene knockout_4,-0.03253383852064671
2797_386.1819_3.58,1.838027718336055,wild type control_4,0.03253273796158004
781_261.1451_1.05,1.8380159446732185,wild type control_4,0.03253252957000678
3626_406.2964_4.66,1.8378787964488947,wild type control_4,0.03253010207275018
1197_198.1128_1.94,1.8363086808877427,wild type control_4,0.032502311328567825
1798_220.0644_2.65,1.8352589314893175,Ctns gene knockout_4,-0.03248373096562574
974_241.1074_1.65,1.8330185138676531,Ctns gene knockout_4,-0.03244407600357974
1551_270.08_2.42,1.8329444316110441,Ctns gene knockout_4,-0.032442764761851546
1511_149.0964_2.39,1.8320487139381325,wild type control_4,0.032426910730897776
2695_226.1443_3.55,1.8317962228899047,wild type control_4,0.03242244168778831
1012_245.1866_1.8,1.831780649745474,wild type control_4,0.032422166046119825
606_204.0329_0.71,1.8311399750536181,Ctns gene knockout_4,-0.032410826226996946
664_332.1346_0.82,1.831055964245304,Ctns gene knockout_4,-0.03240933925180851
350_128.0708_0.47,1.8305852021168638,Ctns gene knockout_4,-0.032401006852457837
1732_318.1809_2.57,1.8296425615931773,wild type control_4,0.0323843222960482
2031_316.1398_2.87,1.8286064044119978,Ctns gene knockout_4,-0.032365982512743495
1084_172.0972_2.06,1.828408146497047,Ctns gene knockout_4,-0.032362473385687596
1971_207.085_2.83,1.8282902881781296,Ctns gene knockout_4,-0.03236038731605563
2555_212.1285_3.34,1.8281141110890107,Ctns gene knockout_4,-0.03235726901538042
1468_266.1028_2.38,1.827561025808902,wild type control_4,0.03234747951204014
2482_334.1662_3.28,1.8246858915885464,wild type control_4,0.03229659018797713
1129_387.1634_2.09,1.82429456186718,wild type control_4,0.03228966372699137
3444_289.1804_4.41,1.824227787810486,wild type control_4,0.03228848183899948
1984_247.1083_2.82,1.8241059749847588,Ctns gene knockout_4,-0.032286325775355715
2738_250.1443_3.61,1.8238259756641473,wild type control_4,0.03228136984110293
477_182.0794_0.51,1.8236014851448665,wild type control_4,0.03227739640198351
1245_289.14_2.11,1.8201636203671245,Ctns gene knockout_4,-0.03221654685502299
468_128.0708_0.51,1.8194554484130256,Ctns gene knockout_4,-0.03220401234730876
2038_397.1804_2.88,1.8180179948253024,Ctns gene knockout_4,-0.03217856969460292
1793_235.1083_2.64,1.8175525630134166,Ctns gene knockout_4,-0.032170331640832564
670_325.0893_0.82,1.8170005486667267,Ctns gene knockout_4,-0.03216056109280832
3443_329.1734_4.41,1.8151408348750777,wild type control_4,0.032127644515509896
880_160.0972_1.34,1.8118178522161796,Ctns gene knockout_4,-0.03206882836001107
502_222.08_0.53,1.8109916152968573,Ctns gene knockout_4,-0.03205420412506491
597_279.1346_0.69,1.8090403765297391,wild type control_4,0.032019667573261114
1293_248.0957_2.19,1.8080902114785142,Ctns gene knockout_4,-0.032002849834157736
2397_452.156_3.2,1.8076746535628678,Ctns gene knockout_4,-0.03199549453878176
495_219.1345_0.55,1.807244019957399,wild type control_4,0.03198787240658843
1985_242.1392_2.72,1.805179900805784,Ctns gene knockout_4,-0.03195133789363682
2127_315.2286_2.95,1.804946725594436,Ctns gene knockout_4,-0.031947210737134094
598_420.1509_0.7,1.8048523550452327,Ctns gene knockout_4,-0.03194554039651959
656_226.1079_0.8,1.8048492854604614,Ctns gene knockout_4,-0.031945486065458086
1512_203.1281_2.39,1.8026469938286,wild type control_4,0.03190650592611656
465_172.0971_0.5,1.802149478032793,Ctns gene knockout_4,-0.03189769999198658
573_176.0921_0.66,1.800367945788221,Ctns gene knockout_4,-0.031866167213071124
1751_369.1529_2.58,1.7997384023696843,wild type control_4,0.0318550244153503
2352_472.2188_3.16,1.795221862154398,wild type control_4,0.031775082520105184
1980_228.0636_2.83,1.7951331288586623,Ctns gene knockout_4,-0.031773511957795465
2227_458.203_3.05,1.7944482705572609,wild type control_4,0.031761390097260915
2806_361.2019_3.55,1.7935777168432758,wild type control_4,0.031745981463552064
1864_450.1403_2.71,1.793535279758567,Ctns gene knockout_4,-0.0317452303352949
4974_569.4792_6.7,1.7932574498495697,wild type control_4,0.031740312799211454
1315_295.0788_2.26,1.792995967708941,Ctns gene knockout_4,-0.03173568461549157
2618_174.0917_3.39,1.790155906174622,Ctns gene knockout_4,-0.03168541607124218
667_273.145_0.82,1.7884416140518444,Ctns gene knockout_4,-0.03165507342958147
596_139.0868_0.72,1.7876127933144037,wild type control_4,0.031640403461550365
460_303.0717_0.5,1.784184017345463,Ctns gene knockout_4,-0.031579714784761806
876_278.1142_1.35,1.7837155246322987,wild type control_4,0.03157142255362609
1576_227.1286_2.47,1.7819694588745463,Ctns gene knockout_4,-0.031540517524722575
970_232.1185_1.71,1.781780383450741,wild type control_4,0.031537170925998156
1910_372.2389_2.75,1.7791272246395298,Ctns gene knockout_4,-0.031490210524087715
1808_230.0793_2.66,1.7768969766317413,Ctns gene knockout_4,-0.031450735562256124
5471_656.5629_8.08,1.7767882872750453,wild type control_4,0.03144881178149628
1882_266.1383_2.66,1.7762894792982522,Ctns gene knockout_4,-0.03143998297601077
1750_311.0703_2.58,1.7754037002387266,Ctns gene knockout_4,-0.03142430485660706
459_325.0537_0.5,1.7753335677442417,Ctns gene knockout_4,-0.03142306352491064
646_304.1511_0.93,1.7750492549229877,Ctns gene knockout_4,-0.03141803124252409
1560_249.1103_2.45,1.774405156532283,Ctns gene knockout_4,-0.03140663082458848
1564_286.1192_2.41,1.77324599102963,Ctns gene knockout_4,-0.03138611381759467
628_244.1297_0.75,1.769351115234121,wild type control_4,0.03131717526330404
874_206.0452_1.34,1.7662342444833148,Ctns gene knockout_4,-0.0312620072490328
480_160.0972_0.51,1.7659028942417805,wild type control_4,0.03125614241333212
2243_197.1539_3.07,1.7650397184439277,Ctns gene knockout_4,-0.031240864367323245
2671_248.1684_3.44,1.764040438180203,wild type control_4,0.03122317729838211
762_254.9939_1.02,1.763979802845415,wild type control_4,0.03122210406459015
860_164.0709_1.3,1.763909717741409,wild type control_4,0.031220863571696112
1136_350.0854_1.97,1.7632204972868675,Ctns gene knockout_4,-0.031208664501887928
883_182.0791_1.34,1.763090266910383,Ctns gene knockout_4,-0.031206359449210793
1494_326.1816_2.39,1.7617928512075134,Ctns gene knockout_4,-0.03118339544019851
1741_182.1907_2.57,1.7597440190845022,wild type control_4,0.03114713150472014
2169_444.2235_2.98,1.759303414294966,wild type control_4,0.031139332884481934
1104_314.1816_1.92,1.759179376338652,Ctns gene knockout_4,-0.031137137436453705
1594_497.1347_2.45,1.758764585191061,Ctns gene knockout_4,-0.031129795712725197
1192_269.0994_2.05,1.7586121282773994,Ctns gene knockout_4,-0.031127097254604514
3001_382.2597_3.83,1.7573875547651372,wild type control_4,0.03110542253839012
382_161.081_0.44,1.7563186700752038,wild type control_4,0.031086503484459734
1964_240.0749_2.82,1.7562760234048715,wild type control_4,0.031085748646577253
1721_266.1379_2.6,1.755482182365042,Ctns gene knockout_4,-0.031071697812482486
1613_174.1128_2.45,1.7546716816214638,Ctns gene knockout_4,-0.03105735210482778
1375_184.1448_2.27,1.7531694118148045,Ctns gene knockout_4,-0.031030762217482726
259_158.0928_0.31,1.7528076670271768,wild type control_4,0.031024359404147838
850_240.1235_1.3,1.751845976501825,Ctns gene knockout_4,-0.031007337666363752
249_166.0727_0.31,1.7516481951256229,wild type control_4,0.03100383697395227
1208_435.1294_2.04,1.7514394233910286,Ctns gene knockout_4,-0.031000141754305915
1588_208.0972_2.47,1.7508611891536139,Ctns gene knockout_4,-0.030989907119246516
2340_323.0591_3.15,1.7473836177644633,Ctns gene knockout_4,-0.03092835477288237
613_382.0778_0.72,1.747221469660832,Ctns gene knockout_4,-0.030925484782558618
1040_192.0659_1.82,1.7468134361299141,wild type control_4,0.03091826266734868
1168_241.0504_2.0,1.7453406734321117,wild type control_4,0.030892195050169016
385_217.1189_0.42,1.7452061122996783,Ctns gene knockout_4,-0.0308898133439425
2673_231.1419_3.44,1.7450413228596924,wild type control_4,0.030886896602472055
2165_352.1299_2.98,1.7426893422860823,wild type control_4,0.030845266997581628
4181_361.236_5.53,1.741433330431984,wild type control_4,0.03082303582874865
661_121.0286_0.81,1.741088385263134,Ctns gene knockout_4,-0.03081693036544287
936_279.1017_1.51,1.7409035206200745,Ctns gene knockout_4,-0.030813658296729753
1130_265.1191_1.96,1.7406737345390442,wild type control_4,0.030809591127183393
731_154.0865_0.97,1.7398148458138025,wild type control_4,0.030794388961537196
1455_211.1333_2.51,1.7394915337044186,Ctns gene knockout_4,-0.03078866639923334
1676_230.1392_2.51,1.7358732696929575,Ctns gene knockout_4,-0.03072462382044827
1931_146.0603_2.79,1.7345846722286509,wild type control_4,0.030701815892566646
2570_392.1924_3.35,1.7342417393162195,Ctns gene knockout_4,-0.03069574604581339
2061_188.1285_2.9,1.7337149648380463,Ctns gene knockout_4,-0.030686422238619247
1437_279.1346_2.34,1.7334860739158477,Ctns gene knockout_4,-0.030682370913212464
3349_181.159_4.28,1.7333330151666908,Ctns gene knockout_4,-0.030679661802718985
2814_224.1286_3.61,1.7315944587477023,wild type control_4,0.030648889687670804
1688_209.1177_2.46,1.7314297320457368,Ctns gene knockout_4,-0.030645974056651284
1553_226.1443_2.4,1.731288566588862,Ctns gene knockout_4,-0.030643475455149293
1342_275.1065_2.25,1.7310994299586124,wild type control_4,0.030640127773082552
1493_208.0949_2.38,1.730608945878919,Ctns gene knockout_4,-0.030631446298978647
1992_238.1443_2.84,1.7292144157635871,Ctns gene knockout_4,-0.03060676338349863
2257_298.2019_3.08,1.7277845917146086,Ctns gene knockout_4,-0.03058145577216473
608_270.1818_0.69,1.7265414610737373,Ctns gene knockout_4,-0.030559452598334418
490_290.1606_0.54,1.72525111499387,wild type control_4,0.030536613720292864
1786_371.1686_2.62,1.724584803388521,wild type control_4,0.03052482013271998
747_160.0972_1.01,1.7229138756097218,Ctns gene knockout_4,-0.030495245031627594
1949_382.2079_2.79,1.719714724586151,Ctns gene knockout_4,-0.03043862067231512
2080_195.0996_2.93,1.7156094193218683,Ctns gene knockout_4,-0.03036595755680122
181_121.0722_0.24,1.7142322670810266,wild type control_4,0.03034158222636547
644_220.1186_0.61,1.7138279925305775,wild type control_4,0.03033442664438861
3566_875.4784_4.57,1.7129602272617355,wild type control_4,0.030319067365623783
1043_118.0653_1.79,1.7114364275007692,Ctns gene knockout_4,-0.03029209640221834
942_214.1078_1.45,1.7105911281967985,wild type control_4,0.03027713476672131
3343_199.1696_4.27,1.7100222508870142,Ctns gene knockout_4,-0.030267065747485705
2025_321.0952_2.87,1.7094662148424855,Ctns gene knockout_4,-0.030257224016181337
2455_244.1549_3.26,1.7091205306122677,wild type control_4,0.030251105471631144
1381_452.156_2.29,1.7090645044163444,Ctns gene knockout_4,-0.03025011381871276
546_178.0536_0.62,1.7014402347165436,Ctns gene knockout_4,-0.03011516570785588
1424_184.0972_2.33,1.7001373241124098,Ctns gene knockout_4,-0.030092104440145498
581_167.0468_0.6,1.69998321254081,wild type control_4,0.03008937669489678
2678_397.2206_3.45,1.6989022062581993,Ctns gene knockout_4,-0.03007024309110171
2295_527.6621_3.11,1.6977833796571031,wild type control_4,0.03005044007492584
766_165.055_1.03,1.6941209097640741,Ctns gene knockout_4,-0.029985615060518576
1877_107.0705_2.71,1.693945826983476,wild type control_4,0.029982516128894226
1632_248.1863_2.45,1.693307467019032,wild type control_4,0.029971217280002425
1913_239.1394_2.75,1.6928077985365704,Ctns gene knockout_4,-0.029962373243731688
238_236.9988_0.31,1.6915158606258982,wild type control_4,0.0299395061905903
1202_246.0234_2.05,1.6911541111034893,Ctns gene knockout_4,-0.029933103293450693
823_174.1129_1.14,1.6906388831199337,wild type control_4,0.029923983856995916
872_151.0398_1.32,1.690032569858008,Ctns gene knockout_4,-0.029913252228590054
1715_226.1443_2.51,1.6898552323605918,Ctns gene knockout_4,-0.02991011338891062
1502_186.1128_2.39,1.6883799526505223,Ctns gene knockout_4,-0.029884001221096756
630_225.1351_0.77,1.6866382384092966,wild type control_4,0.029853173213200856
1730_238.1442_2.54,1.6843209306548301,Ctns gene knockout_4,-0.029812157310556774
1201_134.0272_2.05,1.6838716501578466,Ctns gene knockout_4,-0.029804205131961314
697_268.0821_0.89,1.6807648889959093,Ctns gene knockout_4,-0.02974921605547338
2164_286.1655_3.02,1.6804421799019973,Ctns gene knockout_4,-0.029743504166427685
1875_281.173_2.71,1.6802760271804815,wild type control_4,0.029740563295135726
4784_495.3094_6.36,1.6800607857251841,wild type control_4,0.029736753562674238
1835_267.1581_2.64,1.6785068148118734,Ctns gene knockout_4,-0.02970924857566108
1146_245.1866_2.04,1.6784680422708427,wild type control_4,0.02970856230912393
4645_420.312_6.07,1.677559623067832,wild type control_4,0.02969248346352438
317_229.1553_0.36,1.6766992870430262,wild type control_4,0.029677255680953585
1177_410.1059_2.02,1.6762460949146885,Ctns gene knockout_4,-0.02966923426723366
2256_390.1226_3.08,1.6754279225278126,Ctns gene knockout_4,-0.029654752772964504
1205_176.0379_2.05,1.6749565231554884,Ctns gene knockout_4,-0.02964640909451935
2979_388.1975_3.82,1.6749037245590646,wild type control_4,0.029645474569492843
182_175.1193_0.21,1.6747660313353445,wild type control_4,0.029643037425851497
1007_236.0894_1.64,1.6723648294366067,wild type control_4,0.02960053661295015
1891_416.2651_2.73,1.6702368350027315,Ctns gene knockout_4,-0.029562871519757956
1204_224.0415_2.05,1.6700289918736713,Ctns gene knockout_4,-0.029559192736251388
590_231.1709_0.78,1.669317459229175,wild type control_4,0.02954659874496193
2163_281.1503_2.98,1.6691779851340325,Ctns gene knockout_4,-0.029544130080238085
1601_251.1375_2.47,1.6677700364570711,wild type control_4,0.029519209658791776
391_255.0747_0.45,1.6677603766842026,Ctns gene knockout_4,-0.029519038682665373
3008_315.1964_3.82,1.663531223582351,wild type control_4,0.029444183484188553
1466_326.1969_2.35,1.6624631037612352,wild type control_4,0.029425277968289486
1105_360.1297_1.92,1.662257509140904,Ctns gene knockout_4,-0.02942163898295601
1527_127.112_2.39,1.661441655815241,Ctns gene knockout_4,-0.029407198535625373
2739_406.2444_3.52,1.6596292772227843,Ctns gene knockout_4,-0.029375119782270694
2909_274.1841_3.71,1.6592075601813328,wild type control_4,0.02936765547154969
1156_254.1028_1.99,1.6580381717994586,Ctns gene knockout_4,-0.02934695752155508
555_173.1653_0.54,1.656770396448937,wild type control_4,0.029324518141092416
1416_177.055_2.33,1.65643724276934,Ctns gene knockout_4,-0.029318621384884034
978_328.1034_1.68,1.6549964514946784,Ctns gene knockout_4,-0.029293119655759772
690_208.0279_0.87,1.6541328578671364,Ctns gene knockout_4,-0.02927783421424557
2807_256.1548_3.6,1.6527148228300383,Ctns gene knockout_4,-0.029252735266160054
1333_216.1236_2.33,1.652277803599548,Ctns gene knockout_4,-0.029245000109629018
2687_384.2753_3.46,1.6520612119763838,Ctns gene knockout_4,-0.02924116647945534
2694_258.1706_3.45,1.6515489681181583,Ctns gene knockout_4,-0.029232099861446353
793_160.0972_1.09,1.6486831570065639,Ctns gene knockout_4,-0.02918137555461964
3858_293.2119_5.03,1.6480448587735814,wild type control_4,0.029170077798362865
5586_619.497_8.49,1.647818261173561,wild type control_4,0.029166067064318624
1991_278.1369_2.85,1.647642524359519,Ctns gene knockout_4,-0.0291629565564278
1082_250.1112_1.87,1.64761150286359,Ctns gene knockout_4,-0.029162407481901798
2611_434.2394_3.39,1.6423085065560095,Ctns gene knockout_4,-0.02906854546471637
926_190.1077_1.52,1.6414326454007453,Ctns gene knockout_4,-0.029053042890315187
1755_313.1551_2.59,1.6408760166251342,wild type control_4,0.029043190667784387
3413_414.2991_4.35,1.6372753827721735,wild type control_4,0.028979460139422167
2332_240.1599_3.15,1.6365963893006106,Ctns gene knockout_4,-0.028967442085250504
2349_340.0858_3.16,1.63593810557638,Ctns gene knockout_4,-0.02895579058963315
318_140.0821_0.35,1.6353884153134124,Ctns gene knockout_4,-0.028946061177444877
2489_288.1812_3.33,1.633551754752759,Ctns gene knockout_4,-0.028913552637911975
1885_167.107_2.71,1.631359689653089,Ctns gene knockout_4,-0.02887475350622812
2478_400.2709_3.34,1.6303823475744503,wild type control_4,0.02885745473895384
478_231.1345_0.53,1.6292828325842195,Ctns gene knockout_4,-0.028837993534585063
289_267.1345_0.33,1.6292668496538258,Ctns gene knockout_4,-0.02883771063978366
517_188.0921_0.54,1.6291226031332375,Ctns gene knockout_4,-0.02883515750404509
2873_232.1338_3.72,1.6288976283288652,Ctns gene knockout_4,-0.028831175493172462
2026_297.1453_2.87,1.6268202461984702,Ctns gene knockout_4,-0.028794406228041143
1261_239.1395_2.14,1.6259827924796375,wild type control_4,0.028779583457895764
723_197.069_0.93,1.625499385780204,wild type control_4,0.028771027252064558
1880_208.1912_2.71,1.6237800697626092,wild type control_4,0.02874059568842949
1380_256.0701_2.29,1.6222400625306417,wild type control_4,0.02871333785589697
2034_444.1874_2.88,1.6219439726654716,wild type control_4,0.028708097122092706
1363_409.1841_2.26,1.619933204352119,Ctns gene knockout_4,-0.02867250690874219
248_301.1512_0.31,1.6194467917863837,wild type control_4,0.028663897499654162
4288_689.4939_5.49,1.6192122268026072,wild type control_4,0.028659745744446102
3057_414.3226_3.9,1.6146549108425527,wild type control_4,0.02857908212634202
1878_180.1598_2.72,1.613907763933327,wild type control_4,0.02856585776939997
2500_310.2017_3.2,1.6133962868997673,wild type control_4,0.02855680472404045
1791_257.0903_2.64,1.6128286745805924,Ctns gene knockout_4,-0.02854675809489592
3014_553.2955_3.86,1.6113934354338968,Ctns gene knockout_4,-0.028521354637371397
1217_234.1494_2.08,1.6108306262869247,Ctns gene knockout_4,-0.0285113930234533
688_266.0335_0.87,1.6102595156572674,Ctns gene knockout_4,-0.02850128447488444
1440_319.1267_2.34,1.6099967761093401,Ctns gene knockout_4,-0.028496634035296616
4948_363.2905_6.64,1.609207115607434,wild type control_4,0.028482657195920993
877_252.0848_1.41,1.6083432867894358,wild type control_4,0.02846736759158084
2544_171.1383_3.36,1.604953835646571,Ctns gene knockout_4,-0.02840737495666877
1407_195.1132_2.31,1.604898047373845,wild type control_4,0.02840638751494533
4525_344.3169_5.85,1.6042683153446924,wild type control_4,0.02839524137885279
2538_300.2176_3.32,1.6022024887460948,Ctns gene knockout_4,-0.028358676644417186
3763_357.2798_4.83,1.6021548548491318,wild type control_4,0.028357833533580214
2620_439.1949_3.39,1.60146234856432,Ctns gene knockout_4,-0.02834557630520668
482_167.09_0.51,1.5995837820891858,wild type control_4,0.028312326039027735
464_120.081_0.51,1.5978400321179722,wild type control_4,0.028281461999101636
2058_255.0658_2.9,1.5967244064637742,Ctns gene knockout_4,-0.028261715639071715
1227_181.0975_2.09,1.5939512356416121,wild type control_4,0.02821263104759353
1425_238.1056_2.33,1.5933777405273801,Ctns gene knockout_4,-0.028202480294105197
4344_303.1963_5.56,1.59260829083757,wild type control_4,0.02818886118222593
923_212.0922_1.44,1.591327193058155,wild type control_4,0.028166185997327956
659_337.0899_0.82,1.5912811623203111,Ctns gene knockout_4,-0.028165371262099802
982_174.1129_1.66,1.5895563488844933,Ctns gene knockout_4,-0.028134842395216946
2883_248.132_3.7,1.5892757994648739,Ctns gene knockout_4,-0.028129876724317264
947_265.1553_1.6,1.5881062883303954,wild type control_4,0.02810917660162511
1770_242.1392_2.63,1.5870447195200825,Ctns gene knockout_4,-0.028090387037360345
2134_436.1611_2.96,1.5861250161105291,Ctns gene knockout_4,-0.028074108463470037
930_141.0912_1.49,1.584605938755687,wild type control_4,0.028047221085746928
31_128.0195_0.2,1.583630682366649,wild type control_4,0.028029959234778405
22_151.0356_0.2,1.5823995082490132,wild type control_4,0.028008167689115324
21_110.0089_0.2,1.5821462594054205,wild type control_4,0.028003685233173294
390_226.0691_0.44,1.5813816119035549,wild type control_4,0.027990151119099273
779_175.1267_1.05,1.5812969933054324,Ctns gene knockout_4,-0.027988653386147838
1046_366.1554_1.76,1.57798613642018,Ctns gene knockout_4,-0.027930051854516032
4928_531.2754_6.59,1.5778470514924494,wild type control_4,0.027927590077980714
640_229.1552_0.84,1.5770598935706035,wild type control_4,0.027913657533792
2033_435.1572_2.88,1.5765073969105168,wild type control_4,0.027903878448913174
2854_520.308_3.67,1.5747096840823072,wild type control_4,0.027872059276771822
4215_374.2677_5.37,1.574549666177841,wild type control_4,0.02786922699056459
4519_323.259_5.82,1.5724550582992711,wild type control_4,0.027832152832995588
4925_548.3021_6.59,1.5723220643965496,wild type control_4,0.027829798866434274
5119_729.5924_7.05,1.5722886605804187,wild type control_4,0.02782920762529778
631_120.0446_0.77,1.5714787516087547,Ctns gene knockout_4,-0.027814872391892415
209_146.1179_0.28,1.564645537073378,Ctns gene knockout_4,-0.02769392580567014
4590_340.2574_6.06,1.562852272074327,wild type control_4,0.027662185359251506
1097_192.1056_1.91,1.5604136770999013,wild type control_4,0.027619022696084905
2683_351.1422_3.41,1.5597169110210747,wild type control_4,0.027606690070174612
816_172.0972_1.01,1.5593389232973962,wild type control_4,0.027599999759988076
225_139.0505_0.3,1.5586594044279318,wild type control_4,0.02758797240637436
1258_195.0849_2.14,1.5582628915594572,wild type control_4,0.027580954204679254
79_272.9447_0.2,1.5579764246259924,wild type control_4,0.027575883794919872
1372_298.0917_2.27,1.5572833882104522,wild type control_4,0.02756361718333416
275_190.0713_0.32,1.5571712665372992,wild type control_4,0.02756163265123156
144_116.1072_0.24,1.5567527987412428,Ctns gene knockout_4,-0.02755422585153064
2158_317.0665_2.98,1.5545859241298499,wild type control_4,0.027515872586656116
549_244.1297_0.62,1.553745057420048,wild type control_4,0.027500989407225417
4023_325.2383_5.16,1.5528678913096057,wild type control_4,0.02748546373536796
5297_325.2746_7.64,1.5514134944068523,wild type control_4,0.02745972118923691
633_195.0768_0.77,1.550256065539506,Ctns gene knockout_4,-0.027439234920354834
592_232.1549_0.7,1.550015778847041,Ctns gene knockout_4,-0.027434981892000783
553_158.0816_0.57,1.5495854835802156,Ctns gene knockout_4,-0.027427365748336523
938_241.1074_1.61,1.5491572544270886,Ctns gene knockout_4,-0.02741978617448831
2524_331.1913_3.32,1.5484340769140201,wild type control_4,0.027406986071259364
2160_286.2018_3.0,1.546608557506067,wild type control_4,0.027374674727991658
462_166.0867_0.51,1.545582802300699,wild type control_4,0.02735651905766304
2434_277.0478_3.24,1.5445162848742464,Ctns gene knockout_4,-0.02733764190384207
569_122.0967_0.68,1.543344412352641,wild type control_4,0.027316899985050835
2664_528.8392_3.43,1.5429175411900737,wild type control_4,0.02730934444737498
4662_263.2377_6.16,1.5403654600423218,wild type control_4,0.027264173100714516
2388_259.097_3.19,1.5365131093977784,Ctns gene knockout_4,-0.02719598723343689
1792_268.1548_2.66,1.5354570556733012,wild type control_4,0.027177295285133265
2499_538.0122_3.29,1.534778528176027,wild type control_4,0.027165285478617105
1259_216.0637_2.14,1.533519470268854,wild type control_4,0.02714300039522914
686_231.1709_0.85,1.5328321116686494,wild type control_4,0.027130834279885496
2841_271.0608_3.65,1.5318881698947504,Ctns gene knockout_4,-0.027114126691596758
4299_344.2888_5.5,1.5301740211998283,wild type control_4,0.02708378658858157
840_259.1158_1.22,1.5283154079031824,Ctns gene knockout_4,-0.027050889489833557
1438_192.0659_2.33,1.5282423655316255,Ctns gene knockout_4,-0.02704959665387127
2436_255.0658_3.24,1.5281179260490805,Ctns gene knockout_4,-0.02704739409890579
4252_558.3982_5.44,1.5265624053684428,wild type control_4,0.027019861681308287
1596_519.1165_2.46,1.5257691369237136,Ctns gene knockout_4,-0.027005820982036934
1190_269.0096_2.05,1.5253999372920366,Ctns gene knockout_4,-0.026999286219392696
1139_139.0756_1.97,1.5251467188377448,wild type control_4,0.026994804301335457
2526_366.2286_3.32,1.5247012403959836,wild type control_4,0.026986919418387958
795_182.0791_1.09,1.5243288647218876,Ctns gene knockout_4,-0.026980328440402268
280_174.1241_0.33,1.5231912512257642,Ctns gene knockout_4,-0.026960192899788963
3539_330.2648_4.59,1.5229340655720214,wild type control_4,0.026955640763062613
2491_226.1443_3.36,1.5221258035170375,Ctns gene knockout_4,-0.026941334679766497
1347_127.112_2.28,1.5216901138979884,Ctns gene knockout_4,-0.026933623057102864
308_269.089_0.38,1.5202978985089255,wild type control_4,0.02690898111183369
3947_296.2592_5.07,1.5201478824304688,wild type control_4,0.026906325856027823
76_265.1124_0.21,1.5185839489434796,Ctns gene knockout_4,-0.026878644533372024
307_276.1448_0.36,1.5155773738760743,wild type control_4,0.026825428731535116
1371_467.1646_2.28,1.515452288157208,Ctns gene knockout_4,-0.026823214738310737
463_247.1294_0.47,1.5147439584000455,wild type control_4,0.02681067743751257
3441_391.2853_4.48,1.5128210416962233,wild type control_4,0.026776642180795097
2742_588.3755_3.53,1.5104814929533914,wild type control_4,0.02673523261692421
1157_185.0812_2.0,1.5104283907768896,Ctns gene knockout_4,-0.026734292718588574
499_129.0913_0.54,1.5104111545442893,wild type control_4,0.026733987640578577
1086_175.0791_1.91,1.5101787745840323,wild type control_4,0.02672987455986758
3552_391.2852_4.56,1.5098675583726648,wild type control_4,0.026724366092637838
1441_146.0603_2.34,1.5093972145478671,Ctns gene knockout_4,-0.02671604109718138
1442_214.0479_2.34,1.5088693284239512,Ctns gene knockout_4,-0.026706697614070875
2132_292.1524_2.95,1.5077976870981489,Ctns gene knockout_4,-0.02668772976821451
1881_164.1366_2.71,1.5068330946193342,wild type control_4,0.026670656666410913
662_196.0608_0.81,1.5065021201141784,Ctns gene knockout_4,-0.026664798481172036
4535_356.3169_5.87,1.505705057860776,wild type control_4,0.02665069063221507
236_126.0552_0.3,1.5048526737615604,Ctns gene knockout_4,-0.02663560359720152
2196_469.2948_3.03,1.5042451601836417,wild type control_4,0.026624850723432885
1262_194.0815_2.14,1.503706619935989,wild type control_4,0.02661531866437639
141_132.1022_0.3,1.503252304134122,wild type control_4,0.02660727736185059
1243_360.0698_2.1,1.5023835748819336,wild type control_4,0.02659190102076549
956_201.1601_1.58,1.5023453707227252,wild type control_4,0.02659122481447754
323_245.1502_0.4,1.5013559613911984,Ctns gene knockout_4,-0.026573712459142418
1477_198.1128_2.37,1.500760612880043,Ctns gene knockout_4,-0.02656317490472144
1860_302.1427_2.69,1.4999623067744925,wild type control_4,0.0265490450398201
617_384.1158_0.75,1.4996628945886368,wild type control_4,0.026543745501577135
1180_214.1078_2.03,1.4978979175389198,Ctns gene knockout_4,-0.026512505746434257
1902_358.2597_2.76,1.4972054595440767,wild type control_4,0.026500249372783904
384_295.1873_0.44,1.4963943222285747,wild type control_4,0.026485892397928285
2313_344.1531_3.12,1.4930853205821724,Ctns gene knockout_4,-0.026427323703668164
504_244.062_0.56,1.4915567835125514,Ctns gene knockout_4,-0.026400268890808456
2767_373.2741_3.56,1.491303509583928,wild type control_4,0.026395785990866196
1311_263.1396_2.21,1.4904066161522342,wild type control_4,0.026379911149207565
3252_710.4196_4.16,1.4883230440921758,wild type control_4,0.026343032323508833
694_191.0294_0.89,1.4877114632612853,wild type control_4,0.026332207460142955
1605_342.1919_2.43,1.4860719175991062,wild type control_4,0.026303187816493618
714_172.0971_0.91,1.4859642448399066,wild type control_4,0.026301282029314404
1218_310.1655_2.07,1.4854560578497567,Ctns gene knockout_4,-0.026292287217091988
1224_218.1393_2.12,1.4853918452726034,wild type control_4,0.026291150666796513
3321_294.1707_4.28,1.4853436076078959,wild type control_4,0.026290296869386304
948_173.1176_1.69,1.4843012695139932,Ctns gene knockout_4,-0.0262718476851123
857_281.1148_1.22,1.4835678316333234,Ctns gene knockout_4,-0.02625886597534542
2549_941.037_3.33,1.4827221241941133,wild type control_4,0.026243897115932956
1597_248.0899_2.45,1.4821141641349376,Ctns gene knockout_4,-0.02623313633953173
651_139.0756_0.8,1.4803648746622988,wild type control_4,0.026202174251493238
2045_518.3546_2.91,1.479212714805448,wild type control_4,0.02618178124308599
265_204.1347_0.31,1.4785039662084964,wild type control_4,0.026169236528903912
359_240.0364_0.39,1.4781849994944307,Ctns gene knockout_4,-0.026163590879263458
295_132.1022_0.34,1.4776504401766704,wild type control_4,0.02615412928190226
1122_162.0553_1.92,1.477258716151645,Ctns gene knockout_4,-0.026147195841817395
449_258.2184_0.52,1.4771294027379225,wild type control_4,0.02614490701920521
3223_227.1648_4.13,1.4769932266838595,Ctns gene knockout_4,-0.026142496729175697
1685_252.1212_2.52,1.4743600896500426,Ctns gene knockout_4,-0.02609589070888366
1471_428.19_2.38,1.4722515405091412,Ctns gene knockout_4,-0.026058569793646236
3301_484.3644_4.23,1.4713550329467378,wild type control_4,0.026042701781800008
776_158.0815_1.06,1.4702870972382245,Ctns gene knockout_4,-0.02602379952465868
1050_208.0609_1.94,1.469949243064689,Ctns gene knockout_4,-0.02601781957060945
1229_501.1591_2.08,1.4697492706112336,wild type control_4,0.026014280096550983
2744_571.349_3.53,1.4694551528706359,wild type control_4,0.02600907426897327
117_151.1444_0.22,1.4692055557372021,wild type control_4,0.026004656447600416
521_254.161_0.51,1.467861966645697,wild type control_4,0.025980875178468334
638_237.1604_0.83,1.4678528880734438,wild type control_4,0.025980714489481315
1194_327.1413_1.98,1.467101002108477,Ctns gene knockout_4,-0.025967406252161908
1184_245.1866_2.13,1.4664605646663653,wild type control_4,0.025956070632313987
4650_491.2756_6.11,1.4662228478085764,wild type control_4,0.025951863089540637
1073_300.2025_1.88,1.4641175584100141,Ctns gene knockout_4,-0.025914599871117185
803_298.0975_1.11,1.4634914405513941,wild type control_4,0.02590351770514964
43_146.0302_0.2,1.4626705762107843,wild type control_4,0.025888988563815885
1022_181.0692_1.78,1.4624186285969263,Ctns gene knockout_4,-0.0258845291393905
3077_1091.6617_3.89,1.4609974600627988,wild type control_4,0.02585937472900877
871_229.1552_1.16,1.4598006952311902,wild type control_4,0.025838192221106438
4306_374.3275_5.56,1.4593353566714693,wild type control_4,0.025829955817881507
4120_409.2364_5.28,1.4590597774223595,wild type control_4,0.02582507811804624
2595_473.8063_3.38,1.4569013776976518,wild type control_4,0.025786874857040024
2354_243.1021_3.16,1.4568690641908024,Ctns gene knockout_4,-0.025786302914168613
1622_121.1014_2.43,1.4561820401740564,wild type control_4,0.025774142720887988
3902_391.2466_5.01,1.4528668521782004,wild type control_4,0.02571546452942949
487_146.0814_0.53,1.4528405937228017,Ctns gene knockout_4,-0.025714999759807004
2322_542.3375_3.13,1.450817420411866,wild type control_4,0.025679189980379352
804_161.1005_1.09,1.4489368074942792,Ctns gene knockout_4,-0.025645903492561635
2811_628.3358_3.63,1.4480728244858267,wild type control_4,0.02563061115908002
3666_285.2068_4.72,1.447601720809404,wild type control_4,0.025622272714395593
1589_211.1445_2.45,1.4475759672268296,wild type control_4,0.02562181688092523
4586_332.9652_5.96,1.447384307700825,wild type control_4,0.025618424544087685
293_294.1554_0.35,1.444607262362742,wild type control_4,0.025569271374421082
129_203.1507_0.23,1.439307965452119,wild type control_4,0.025475474835852024
2393_435.1295_3.19,1.4378086925118965,Ctns gene knockout_4,-0.02544893799246791
3386_236.1369_4.33,1.4377256405290624,wild type control_4,0.025447467988306504
1525_311.2072_2.4,1.4374490079625555,wild type control_4,0.025442571644955406
501_281.1073_0.59,1.4367407329262074,wild type control_4,0.02543003531270515
303_252.1098_0.34,1.4344990252446497,wild type control_4,0.025390357516846554
5425_417.3375_8.01,1.4338825908742905,wild type control_4,0.025379446746763304
217_133.061_0.3,1.4325216714008213,wild type control_4,0.02535535873319555
3331_228.2691_4.27,1.4319979106964988,wild type control_4,0.02534608826922033
1635_431.0981_2.48,1.431087570568438,Ctns gene knockout_4,-0.025329975423615952
2209_393.2657_3.04,1.4303890502215573,wild type control_4,0.025317611747497686
1355_227.1284_2.4,1.430342066555355,Ctns gene knockout_4,-0.025316780145620423
687_195.1132_0.86,1.4295212216210158,Ctns gene knockout_4,-0.025302251347773932
3319_470.3853_4.24,1.4294931449789172,wild type control_4,0.02530175439659571
3012_206.1543_3.85,1.4285295751050269,wild type control_4,0.02528469939470307
2821_368.2652_3.62,1.4281877931007743,wild type control_4,0.025278649918803762
790_275.1163_1.01,1.426746436963386,wild type control_4,0.02525313819171761
1004_216.1236_1.81,1.4266663415560796,wild type control_4,0.02525172051837578
1714_201.1125_2.62,1.4258785594380632,wild type control_4,0.025237776926034614
48_331.1487_0.2,1.4247685142291873,wild type control_4,0.0252181293388162
1305_297.1679_2.23,1.4245585128510594,wild type control_4,0.025214412354715228
4687_403.239_6.18,1.4232382693711614,wild type control_4,0.02519104429842939
4561_465.2283_5.91,1.4231439463495361,wild type control_4,0.025189374799043898
543_221.122_0.61,1.422439389661096,wild type control_4,0.025176904280838193
305_242.114_0.35,1.4223466395102962,wild type control_4,0.02517526262096453
958_167.0819_1.61,1.4222141132005386,Ctns gene knockout_4,-0.02517291693070897
386_204.0871_0.43,1.4210190914017848,wild type control_4,0.02515176527415374
2140_506.2638_2.96,1.4208152145651467,wild type control_4,0.02514815669326205
5003_347.2567_6.75,1.4199317657481925,wild type control_4,0.025132519818704763
1298_379.1011_2.2,1.419475064089914,wild type control_4,0.025124436286978243
442_212.0898_0.49,1.4190166529697261,Ctns gene knockout_4,-0.02511632249810391
626_185.1288_0.76,1.4188929942201378,wild type control_4,0.02511413376196197
1712_319.127_2.48,1.418703749905814,Ctns gene knockout_4,-0.025110784173907774
2351_362.2183_3.16,1.4166520206553634,wild type control_4,0.025074468959829586
635_187.1445_0.78,1.4164693023932373,wild type control_4,0.025071234881647173
2105_198.1128_2.84,1.4163593239137784,wild type control_4,0.025069288283661756
737_204.0871_0.96,1.4162378084311067,Ctns gene knockout_4,-0.02506713748293302
1653_357.1528_2.49,1.4160092706408278,Ctns gene knockout_4,-0.02506309240789346
3016_273.1816_3.86,1.4124718447046285,wild type control_4,0.025000480647530538
3229_423.3226_4.1,1.4122531631388195,wild type control_4,0.024996610025773032
1639_276.1711_2.49,1.4111785153730636,wild type control_4,0.024977588966506314
3734_260.0746_4.79,1.4110958359553414,Ctns gene knockout_4,-0.02497612555667591
2461_257.0816_3.26,1.4088908721899238,Ctns gene knockout_4,-0.024937098121083127
91_266.1604_0.21,1.40863567121798,Ctns gene knockout_4,-0.024932581112843827
1648_442.2712_2.49,1.4075045875995522,wild type control_4,0.024912561149812877
728_229.1552_0.97,1.4065562774773208,wild type control_4,0.024895776242596788
4693_268.2642_6.19,1.4058686944066943,wild type control_4,0.024883606154169746
1942_447.093_2.79,1.4056874234622456,Ctns gene knockout_4,-0.02488039769323253
62_347.1223_0.21,1.405151121815565,wild type control_4,0.024870905256983735
817_304.1762_1.15,1.404822070526837,Ctns gene knockout_4,-0.024865081112306633
516_227.1031_0.57,1.4045844186850402,Ctns gene knockout_4,-0.024860874720303877
4045_304.2643_5.18,1.4045392376476036,wild type control_4,0.0248600750246099
5287_423.3269_7.61,1.4045162510260245,wild type control_4,0.024859668165818277
2497_287.0557_3.3,1.4035895405434011,wild type control_4,0.02484326556807904
4016_496.341_5.15,1.4035167137182905,Ctns gene knockout_4,-0.02484197654724749
4092_329.2695_5.23,1.4031140915467661,wild type control_4,0.024834850212060566
520_178.09_0.58,1.4024826993884507,wild type control_4,0.02482367469200036
1249_344.2288_2.12,1.4023939172877404,Ctns gene knockout_4,-0.024822103265851957
4809_349.2746_6.49,1.401726312330475,wild type control_4,0.024810286786198305
316_176.0921_0.36,1.3998040972719983,Ctns gene knockout_4,-0.024776263948468828
5054_311.2953_6.86,1.3976526047587183,wild type control_4,0.02473818294377963
542_229.1553_0.52,1.3973279217080379,wild type control_4,0.024732436116077856
189_176.1033_0.25,1.3969248830889438,wild type control_4,0.024725302409848847
5032_325.2747_6.79,1.3967254767336987,wild type control_4,0.024721772955620086
1410_377.1464_2.31,1.3948207006152729,Ctns gene knockout_4,-0.02468805878378359
3727_452.2783_4.78,1.3946326121773724,wild type control_4,0.02468472965452032
1728_433.1139_2.55,1.3937306271199112,Ctns gene knockout_4,-0.02466876469206251
720_245.1501_0.92,1.3936271973241448,Ctns gene knockout_4,-0.02466693400452199
2927_348.2754_3.75,1.3928435246623059,Ctns gene knockout_4,-0.024653063148766703
2554_941.5386_3.33,1.3923752440347343,wild type control_4,0.02464477467150529
1538_223.1699_2.41,1.3918665681922737,wild type control_4,0.02463577120669077
986_227.176_1.54,1.390885036185943,wild type control_4,0.02461839827850024
759_285.0045_1.03,1.3905628036136515,Ctns gene knockout_4,-0.02461269482379579
1067_134.0603_1.69,1.390337866571271,wild type control_4,0.024608713481303172
3011_326.2335_3.85,1.3877240744803279,wild type control_4,0.024562449862788386
2166_309.2279_2.98,1.3877237921497318,wild type control_4,0.024562444865591008
302_159.1497_0.34,1.387501120461067,wild type control_4,0.024558503619424518
4117_554.0609_5.26,1.3868554512651219,wild type control_4,0.02454707539853753
3755_173.1177_4.82,1.3864640024835218,wild type control_4,0.02454014683020848
1385_215.176_2.26,1.3863457875459049,wild type control_4,0.024538054448493957
1346_199.1233_2.25,1.3863343983948795,wild type control_4,0.024537852862705985
601_305.0873_0.71,1.3862248283610243,wild type control_4,0.024535913494129393
3856_599.3705_4.96,1.3856259535040512,wild type control_4,0.02452531352406402
2668_517.3344_3.54,1.3844031664267302,wild type control_4,0.024503670427405335
3691_383.278_4.71,1.3843454129691675,wild type control_4,0.024502648202287335
604_139.1233_0.68,1.3842668272199354,wild type control_4,0.024501257249603774
3563_404.3382_4.57,1.3827473924307936,wild type control_4,0.024474363545362136
410_183.1132_0.43,1.3826604472555997,wild type control_4,0.02447282463244293
2908_233.1176_3.64,1.3820529462321927,wild type control_4,0.02446207198088674
527_200.0355_0.62,1.3802078199279038,Ctns gene knockout_4,-0.02442941359931576
3144_353.2308_4.0,1.3793714053195452,wild type control_4,0.024414609221226402
1270_204.1236_2.15,1.3788483767874915,Ctns gene knockout_4,-0.024405351716559862
5025_630.5321_6.81,1.378328261264144,wild type control_4,0.024396145771588513
1782_202.1441_2.67,1.375585135413213,Ctns gene knockout_4,-0.024347592970336545
619_165.1126_0.72,1.3749161155574254,wild type control_4,0.02433575144725052
422_128.1072_0.47,1.3744914284465097,Ctns gene knockout_4,-0.024328234566869854
518_128.1072_0.53,1.3742901236926641,Ctns gene knockout_4,-0.024324671511350097
4183_390.3222_5.4,1.37366061797133,wild type control_4,0.024313529380862522
3547_798.59_4.57,1.3730324506072642,wild type control_4,0.024302410939041817
2681_392.2653_3.45,1.3723864156366767,Ctns gene knockout_4,-0.02429097624401384
2645_292.1584_3.41,1.3708720765600817,Ctns gene knockout_4,-0.024264172732906594
403_239.1008_0.45,1.369304953772669,Ctns gene knockout_4,-0.024236434960245214
1766_181.1705_2.65,1.3684340119408211,wild type control_4,0.024221019456924658
1330_225.1103_2.39,1.3682995652804972,wild type control_4,0.02421863977683252
2099_189.1125_2.93,1.3674727538198919,wild type control_4,0.024204005372615883
423_262.1768_0.45,1.3645320704373265,Ctns gene knockout_4,-0.02415195584095834
1530_302.1241_2.41,1.3637892616385823,Ctns gene knockout_4,-0.02413880826773949
4088_587.4254_5.23,1.3618022418693938,wild type control_4,0.024103638399064167
927_288.1084_1.49,1.3610116283070002,wild type control_4,0.024089644690700775
4161_279.2326_5.33,1.3593861419041136,wild type control_4,0.024060873893243434
2358_643.4078_3.16,1.3592775826385683,wild type control_4,0.024058952415071996
1038_278.1141_1.79,1.3585934996582663,wild type control_4,0.024046844277572147
4152_357.2646_5.33,1.3581445739024296,wild type control_4,0.024038898377826926
4054_609.4386_5.19,1.3578973437878585,wild type control_4,0.024034522452233795
3556_380.2267_4.56,1.3568949936220347,wild type control_4,0.02401678104661451
3717_456.336_4.77,1.3549213891885177,wild type control_4,0.023981848626806634
4526_354.265_5.85,1.3535086403600016,wild type control_4,0.023956843243598785
3948_563.73_5.07,1.351156170436192,wild type control_4,0.023915204977303716
1020_493.2824_1.76,1.350638181904158,wild type control_4,0.02390603667967052
4315_345.3011_5.53,1.350637663057243,wild type control_4,0.023906027496179674
1159_347.1345_2.01,1.3503950741373925,Ctns gene knockout_4,-0.023901733718842615
3690_317.2696_4.75,1.3501090249575531,wild type control_4,0.023896670703242247
3564_323.259_4.58,1.3493273736106837,wild type control_4,0.023882835624374103
3460_379.1187_4.42,1.3486036595795463,wild type control_4,0.023870026024878276
1708_461.1087_2.53,1.344682677028877,Ctns gene knockout_4,-0.023800625386030276
3351_221.1518_4.27,1.3435384586778711,Ctns gene knockout_4,-0.02378037294075279
3123_252.1595_3.97,1.343240780638398,wild type control_4,0.023775104096568075
993_247.1447_1.66,1.3432275850538997,wild type control_4,0.023774870537254224
1779_202.123_2.62,1.3423262283569515,Ctns gene knockout_4,-0.02375891669665694
116_220.0822_0.24,1.3395793865480958,wild type control_4,0.023710298123662668
1140_296.1162_1.92,1.3393234441047215,wild type control_4,0.023705767991521305
4826_730.5402_6.43,1.3393133001632953,wild type control_4,0.02370558844570433
1187_497.3135_2.04,1.338863555658534,wild type control_4,0.023697628054260234
864_144.1022_1.31,1.3385762901551752,Ctns gene knockout_4,-0.023692543509966944
821_266.1848_1.1,1.337097226534601,wild type control_4,0.023666364367663145
4145_480.3464_5.33,1.3370473804089422,wild type control_4,0.0236654821008027
2450_844.9662_3.25,1.3367804916379353,wild type control_4,0.023660758220762464
1698_821.1354_2.55,1.3362937897525924,wild type control_4,0.02365214369077289
3671_367.2486_4.71,1.3362222627813765,wild type control_4,0.023650877677105882
109_140.0684_0.22,1.3353667182720115,wild type control_4,0.02363573470343907
4052_519.4167_5.2,1.3351739067879176,wild type control_4,0.023632321977164358
3874_299.2014_4.98,1.3345420653918658,wild type control_4,0.023621138505682416
680_270.1932_0.84,1.3344928489467909,wild type control_4,0.023620267384047496
1900_240.1212_2.74,1.3341939307909758,Ctns gene knockout_4,-0.023614976590041466
2260_286.2385_3.08,1.3336568900067276,wild type control_4,0.02360547107119954
4466_467.3139_5.76,1.3324488123320817,wild type control_4,0.023584088328145986
2131_441.1164_2.96,1.3310189350992627,Ctns gene knockout_4,-0.023558779775468313
1173_186.1128_2.01,1.3310119057856817,wild type control_4,0.02355865535796661
2279_385.2132_3.08,1.3306054609444422,wild type control_4,0.02355146136225916
4722_335.1525_6.23,1.3303621599786424,wild type control_4,0.02354715498184541
4013_643.2872_5.14,1.3288357684658434,wild type control_4,0.023520138144929797
5038_510.4375_6.85,1.326351708758044,wild type control_4,0.023476170764705567
4208_350.2676_5.37,1.326174426756481,wild type control_4,0.02347303290729209
2192_309.0977_3.0,1.3254368345193852,wild type control_4,0.023459977666213543
1788_366.1767_2.64,1.3254189536012901,Ctns gene knockout_4,-0.023459661177393978
1641_352.258_2.51,1.3252336952190649,wild type control_4,0.02345638213957317
2270_417.1561_3.09,1.3250142822307855,Ctns gene knockout_4,-0.02345249857177827
2171_407.1951_3.08,1.3234535053970071,wild type control_4,0.023424873121278653
811_157.0864_1.16,1.3225688214378797,wild type control_4,0.02340921438494188
2504_285.0765_3.3,1.321739135606381,Ctns gene knockout_4,-0.023394529104911927
537_242.1004_0.61,1.3203170541619587,wild type control_4,0.02336935853619314
629_150.0553_0.82,1.319928545273085,wild type control_4,0.02336248200340128
4753_457.3512_6.29,1.3194352807038519,wild type control_4,0.023353751315166003
988_129.0549_1.69,1.3191704068470547,wild type control_4,0.023349063098720684
5315_645.5081_7.67,1.3190477877982745,wild type control_4,0.023346892765083567
3538_288.2905_4.51,1.3188451128277436,wild type control_4,0.023343305456991377
2970_135.0807_3.81,1.3181635641128118,wild type control_4,0.023331242175502347
658_152.071_0.81,1.3179324161808905,wild type control_4,0.02332715090145651
1856_683.3853_2.71,1.3177511793828143,wild type control_4,0.02332394304490354
692_255.0845_0.89,1.3174771047016614,Ctns gene knockout_4,-0.02331909197563244
660_146.0603_0.81,1.3174708019717751,Ctns gene knockout_4,-0.023318980418522723
268_130.0501_0.31,1.3170679464044983,wild type control_4,0.023311849952275757
2816_359.15_3.63,1.316812977946206,wild type control_4,0.02330733705948348
3092_444.3694_3.93,1.31516039831255,wild type control_4,0.02327808671703976
2011_444.2815_2.85,1.3151338045483727,wild type control_4,0.023277616012516232
2336_420.2747_3.14,1.3144529217807788,wild type control_4,0.02326556451816731
5092_703.5769_6.92,1.3134569411015422,wild type control_4,0.023247935851238535
400_173.1653_0.48,1.313372897025352,wild type control_4,0.023246448287215074
4347_514.7064_5.56,1.3133009602327927,wild type control_4,0.02324517501978892
887_191.0918_1.39,1.3123597794742146,wild type control_4,0.02322851630094162
1566_301.0252_2.43,1.3119036039802532,wild type control_4,0.02322044208222256
1321_275.1397_2.22,1.3107029992691306,wild type control_4,0.02319919160918957
4496_346.2727_5.8,1.3100676725868956,Ctns gene knockout_4,-0.02318794644881089
2291_536.4434_3.1,1.3089863884839235,wild type control_4,0.023168807927648728
3883_424.3432_4.99,1.3083068594213179,wild type control_4,0.023156780393618372
3593_523.4117_4.63,1.3078965362587147,wild type control_4,0.0231495177523669
4683_163.1121_6.14,1.30755907168654,wild type control_4,0.023143544694187005
1954_328.1555_2.79,1.3061908403296052,wild type control_4,0.023119327261684804
1126_422.7192_1.98,1.3034305897888472,wild type control_4,0.02307047135670853
3255_390.2494_4.16,1.3020065951368527,Ctns gene knockout_4,-0.02304526692458279
3249_389.2178_4.16,1.3013852741815455,wild type control_4,0.023034269662883522
2301_362.1639_3.11,1.3013509878025575,Ctns gene knockout_4,-0.02303366280055379
2447_442.2065_3.27,1.3012215203015014,wild type control_4,0.023031371250625363
1341_284.2075_2.25,1.2999990278316897,wild type control_4,0.023009733368463063
2830_273.1704_3.6,1.2999673824579443,wild type control_4,0.023009173251419407
888_231.1709_1.22,1.2997246409740113,wild type control_4,0.02300487677372736
1071_780.3907_1.86,1.2993301570458877,wild type control_4,0.022997894483887185
3520_553.4222_4.51,1.2986268895531103,wild type control_4,0.022985446784197356
2151_445.2344_2.97,1.2974305709969678,wild type control_4,0.022964272175285152
2638_506.826_3.42,1.2957023652817428,wild type control_4,0.02293368326570765
2006_165.1278_2.71,1.2952615695239889,wild type control_4,0.022925881265368632
3914_485.6808_5.04,1.2940338455446876,wild type control_4,0.022904150786492113
1178_463.1587_2.02,1.292796884685984,wild type control_4,0.02288225681662241
5050_377.3061_6.85,1.2916843995871636,wild type control_4,0.022862566043820105
851_272.234_1.25,1.2904635934291802,wild type control_4,0.022840958009053627
607_243.1345_0.72,1.2904350255779173,Ctns gene knockout_4,-0.022840452363567444
5193_742.5767_7.24,1.2899987684583798,wild type control_4,0.022832730696254046
2261_512.9866_3.09,1.2898998271472033,wild type control_4,0.022830979454029586
548_228.051_0.61,1.289209225594707,wild type control_4,0.022818755939052585
4680_409.2935_6.15,1.2891141609120202,wild type control_4,0.022817073312408606
4219_521.3857_5.38,1.2889475233735137,wild type control_4,0.02281412385994893
4524_366.299_5.85,1.2882190369564293,wild type control_4,0.022801229790137496
1127_230.0431_1.94,1.287422851842757,Ctns gene knockout_4,-0.022787137466385457
904_281.1503_1.49,1.286900786321287,wild type control_4,0.022777897006821476
371_144.0658_0.42,1.2866466529567495,wild type control_4,0.02277339889502843
4039_381.1685_5.19,1.2857312616523928,wild type control_4,0.02275719664457276
2305_413.2083_3.11,1.2856662131920962,wild type control_4,0.022756045299306023
378_198.1242_0.42,1.2844219909057835,wild type control_4,0.02273402280356085
1506_166.1231_2.39,1.2836103809242987,wild type control_4,0.022719657462608022
863_339.1058_1.32,1.283113477310147,Ctns gene knockout_4,-0.022710862363975886
3533_335.2204_4.57,1.2823759177336334,wild type control_4,0.022697807700983376
3617_476.2788_4.67,1.2818819371956498,wild type control_4,0.022689064340238586
2535_567.0288_3.32,1.281608980894689,wild type control_4,0.022684233066082308
2509_307.0584_3.3,1.2814168231626029,Ctns gene knockout_4,-0.0226808319110927
92_151.6259_0.22,1.2811084411324913,wild type control_4,0.022675373608327408
2703_515.3358_3.52,1.279993550444256,wild type control_4,0.02265564025705401
1785_344.2076_2.63,1.2798948320749188,wild type control_4,0.022653892960857333
1582_172.1336_2.44,1.2794394324645022,wild type control_4,0.02264583247512815
4844_372.3483_6.47,1.276041295473582,wild type control_4,0.02258568610237201
1134_392.1923_2.0,1.2756738752287637,Ctns gene knockout_4,-0.022579182834533768
4100_704.4993_5.25,1.275005738739505,wild type control_4,0.02256735694686582
4515_510.3932_5.84,1.274682115942544,wild type control_4,0.02256162888545146
5482_655.4925_8.14,1.274050733653819,wild type control_4,0.022550453540081106
1131_209.0644_1.95,1.273711519345059,Ctns gene knockout_4,-0.022544449511899368
1275_597.3156_2.16,1.2733360452129316,wild type control_4,0.022537803691801014
408_186.1129_0.46,1.2725598700246505,wild type control_4,0.022524065539889202
3269_817.5844_4.17,1.271584705665346,wild type control_4,0.022506805317829302
951_453.1877_1.58,1.270801243780297,wild type control_4,0.022492938192782756
1327_243.1344_2.23,1.2706267995041518,wild type control_4,0.022489850562564716
3705_617.9378_4.79,1.2704116788558555,wild type control_4,0.02248604296836397
1706_197.0788_2.54,1.270007114216809,wild type control_4,0.022478882251874593
1417_141.0913_2.35,1.2696146781409827,wild type control_4,0.02247193620862717
1297_343.1372_2.18,1.2692233513871425,Ctns gene knockout_4,-0.022465009800166056
1206_219.1135_2.04,1.2687916859002546,wild type control_4,0.02245736940386959
188_337.1724_0.21,1.2687186774411048,wild type control_4,0.022456077168150394
1428_109.065_2.33,1.2683379485438622,wild type control_4,0.022449338339717705
433_339.156_0.48,1.2674782517774612,wild type control_4,0.022434121871898024
3216_346.1692_4.11,1.2674688384713424,Ctns gene knockout_4,-0.022433955258185805
4877_311.2589_6.55,1.2664443401592997,wild type control_4,0.022415821834627894
4355_344.2801_5.59,1.265794187125566,wild type control_4,0.022404314250672342
3417_409.2572_4.35,1.2654717391066481,wild type control_4,0.022398606982603948
4212_638.4596_5.37,1.2637390806237907,wild type control_4,0.022367939259893683
2337_345.0411_3.15,1.2632290038743481,Ctns gene knockout_4,-0.022358910999294362
3021_501.3523_3.87,1.2624910383782642,wild type control_4,0.02234584915160334
4226_638.9613_5.37,1.26184330216646,wild type control_4,0.022334384344932234
2514_552.3531_3.31,1.2616607198567515,wild type control_4,0.02233115267308153
457_127.0392_0.48,1.261393787366165,Ctns gene knockout_4,-0.022326428019213116
365_177.1026_0.43,1.2584315055885642,wild type control_4,0.022273996200107424
4963_333.241_6.6,1.2579638937516096,wild type control_4,0.022265719560311613
2155_269.1486_2.97,1.257841469795615,wild type control_4,0.02226355267977937
3741_278.1181_4.81,1.2567862058989843,Ctns gene knockout_4,-0.022244874711277084
1263_134.0602_1.97,1.2559159549469254,wild type control_4,0.02222947143639624
3789_219.1961_4.88,1.255243656605928,wild type control_4,0.022217571884751024
3627_415.3219_4.65,1.2544039217548297,wild type control_4,0.02220270873900221
471_319.1663_0.47,1.2529431587722537,wild type control_4,0.022176853514479733
3426_455.2988_4.39,1.2514063723654019,wild type control_4,0.022149652689933796
195_259.1406_0.25,1.2513171542017958,wild type control_4,0.0221480735455558
620_234.1243_0.74,1.2498025074507992,wild type control_4,0.022121264588670676
4231_305.2118_5.4,1.2494955118820306,wild type control_4,0.022115830826005142
2487_1031.5935_3.3,1.2491556904038112,wild type control_4,0.022109816051040464
2078_253.1792_2.94,1.2487734838107325,wild type control_4,0.022103051067674993
3170_249.0664_4.04,1.246790560665794,wild type control_4,0.022067953708462894
3285_304.1762_4.2,1.2466079290031775,wild type control_4,0.022064721163075184
2116_549.3218_2.98,1.2459266505087636,wild type control_4,0.022052662664437474
2083_269.1371_2.91,1.2456475377411182,wild type control_4,0.022047722422002092
3650_535.4117_4.71,1.2456420820604712,wild type control_4,0.02204762585750139
3362_177.055_4.31,1.2452344000775932,wild type control_4,0.022040409964624304
3980_315.1963_5.12,1.2440060981910483,wild type control_4,0.022018669256900457
3114_233.1179_3.96,1.2436468673852865,wild type control_4,0.022012310940562246
2823_380.2445_3.63,1.243525369897244,wild type control_4,0.022010160458334996
2223_519.1144_3.05,1.2434409965528277,Ctns gene knockout_4,-0.02200866706632711
3669_353.2696_4.87,1.2434317305971736,wild type control_4,0.02200850306068984
3097_373.275_3.85,1.2433658355703547,wild type control_4,0.02200733673135809
2899_449.3749_3.7,1.2426542763683275,wild type control_4,0.02199474227000543
1370_362.0855_2.28,1.242620863227535,wild type control_4,0.02199415086382421
1289_338.1817_2.18,1.241955995014785,Ctns gene knockout_4,-0.021982382824023393
3047_228.1502_3.89,1.2418839591351103,wild type control_4,0.02198110780277431
4969_325.2732_6.65,1.2409429663015294,wild type control_4,0.021964452410163402
4881_817.4669_6.54,1.2406469581788382,wild type control_4,0.02195921312318533
3610_313.2382_4.65,1.2404889629078946,wild type control_4,0.021956416637203373
2178_177.1489_3.0,1.2390582519769475,wild type control_4,0.02193109332822879
1116_270.1918_1.95,1.2390283328069196,wild type control_4,0.021930563764659735
835_267.1095_1.24,1.2361029591958972,wild type control_4,0.021878785213021095
4503_455.3355_5.82,1.2360076382154066,wild type control_4,0.021877098049955163
3037_613.2842_3.94,1.2353672954834878,wild type control_4,0.021865764106459483
2762_344.2805_3.54,1.2341737368019465,wild type control_4,0.021844638346798194
242_274.1039_0.3,1.2332520439200174,wild type control_4,0.02182832455962854
1915_393.2379_2.75,1.233190606495785,wild type control_4,0.021827237129007315
717_175.0869_0.93,1.2327041140703618,wild type control_4,0.021818626306418135
5252_810.6011_7.31,1.2325078505096245,wild type control_4,0.02181515247904917
4649_321.243_6.12,1.2315088681410264,wild type control_4,0.021797470682794615
3590_303.2902_4.64,1.2298880027016046,wild type control_4,0.021768781675504
773_293.1617_1.02,1.2291197355050694,wild type control_4,0.02175518349352882
235_315.1058_0.3,1.2287462728275784,wild type control_4,0.021748573275791605
5481_650.5373_8.12,1.2287370038281356,wild type control_4,0.021748409216279862
4418_487.3405_5.67,1.2286812041721527,wild type control_4,0.02174742157307496
279_182.0815_0.33,1.2276675570901718,wild type control_4,0.021729480214207172
3070_830.58_3.91,1.2275012525656888,wild type control_4,0.02172653665603182
4528_374.2912_5.83,1.2265416945114236,wild type control_4,0.02170955266257682
3982_262.2021_5.12,1.2251582620336072,wild type control_4,0.021685066173151576
2017_799.1073_2.87,1.2250982839185647,wild type control_4,0.021684004572023016
1113_238.1055_1.92,1.2244112055048024,wild type control_4,0.021671843415925644
733_254.1394_0.96,1.2237881526819667,wild type control_4,0.021660815500503406
513_233.1502_0.6,1.2235427386814064,wild type control_4,0.021656471719779816
196_309.1662_0.2,1.2226344978121446,wild type control_4,0.02164039603065341
928_207.1022_1.6,1.2219628361498305,wild type control_4,0.02162850774809873
4505_342.2648_5.84,1.2218086026319457,wild type control_4,0.021625777844424165
3938_409.2573_5.05,1.221147706986713,wild type control_4,0.02161408011830621
4244_272.2592_5.41,1.2211430644065864,wild type control_4,0.021613997945528717
2864_216.16_3.69,1.2198796488706487,wild type control_4,0.021591635732947694
984_228.1349_1.66,1.2192425167464078,wild type control_4,0.021580358616591907
2403_317.1868_3.2,1.2190945021173443,wild type control_4,0.021577738786056292
5009_342.3013_6.75,1.2190240060210176,wild type control_4,0.021576491018677032
801_179.1282_1.15,1.2181974841857015,wild type control_4,0.021561861740772452
4668_356.2806_6.16,1.2177946893458904,wild type control_4,0.021554732349389982
1164_413.1424_2.0,1.217585234105241,wild type control_4,0.02155102503181759
2890_257.1754_3.81,1.2174358375480105,Ctns gene knockout_4,-0.021548380741418564
3454_397.2573_4.42,1.2173874715095232,wild type control_4,0.021547524671817083
1345_182.1292_2.32,1.2159733126035905,Ctns gene knockout_4,-0.0215224943305095
666_192.0869_0.82,1.2153105959657111,wild type control_4,0.021510764373171086
1727_246.1341_2.62,1.214543253808596,wild type control_4,0.02149718256421616
519_210.074_0.57,1.2137589230509294,Ctns gene knockout_4,-0.021483300060290988
3703_339.2523_4.77,1.213370816563875,wild type control_4,0.02147643064993413
2987_329.127_3.82,1.2131690309673886,wild type control_4,0.021472859083591887
2492_286.0799_3.3,1.2129721351186085,Ctns gene knockout_4,-0.02146937406484588
3004_316.249_3.83,1.212755374250513,wild type control_4,0.02146553743906939
3726_484.3645_4.78,1.2126426953365692,wild type control_4,0.02146354304391171
1393_402.2343_2.3,1.2122551022446475,Ctns gene knockout_4,-0.021456682720550197
2926_424.3068_3.92,1.2119707791235577,wild type control_4,0.021451650255858528
1334_705.9211_2.25,1.2109988341054378,wild type control_4,0.02143444701551992
529_231.0852_0.58,1.210605703146291,wild type control_4,0.021427488672971045
1155_202.0843_1.98,1.2089307699117577,wild type control_4,0.021397842676080674
1873_244.1549_2.73,1.20796753099622,Ctns gene knockout_4,-0.021380793532087373
5151_310.3112_7.12,1.2075474438663079,wild type control_4,0.021373358070487895
3976_483.3457_5.1,1.2066109370370626,wild type control_4,0.021356782079293025
2609_502.3661_3.37,1.2065608857297252,wild type control_4,0.02135589618075624
744_188.071_1.07,1.2063996880371268,wild type control_4,0.021353043012525427
990_281.1002_1.64,1.2062952314223243,Ctns gene knockout_4,-0.02135119415048498
2079_335.0228_2.89,1.2054215755655908,Ctns gene knockout_4,-0.021335730609444672
2122_186.222_2.95,1.204474451988234,wild type control_4,0.021318966703845206
4280_330.3012_5.53,1.2042528361310978,wild type control_4,0.021315044145694198
792_265.1224_1.08,1.2039507702791237,wild type control_4,0.021309697638070082
740_237.1604_0.93,1.2038817092964529,wild type control_4,0.021308475271927186
1720_358.2822_2.57,1.2037333697490444,wild type control_4,0.021305849690399205
4609_439.247_5.99,1.2033840483752796,wild type control_4,0.021299666769106072
3404_281.2483_4.35,1.2031721670089144,wild type control_4,0.021295916509574003
4719_275.2013_6.23,1.202359172540361,Ctns gene knockout_4,-0.021281526663465694
1584_215.1395_2.44,1.202296878850637,wild type control_4,0.02128042407710955
2068_263.0297_2.9,1.202115748116411,wild type control_4,0.02127721809786638
676_254.1506_0.83,1.201222236991449,wild type control_4,0.021261403122387952
3260_727.4463_4.15,1.201155595734596,wild type control_4,0.021260223584927775
4128_395.2778_5.32,1.2001491705729601,wild type control_4,0.02124241005266446
215_149.1077_0.3,1.1995913768204751,Ctns gene knockout_4,-0.02123253721026651
4063_311.2225_5.14,1.1987330359034676,wild type control_4,0.02121734474072095
3142_277.184_3.99,1.1984176165507299,wild type control_4,0.02121176187869539
4358_550.4068_5.57,1.1984121026611996,wild type control_4,0.021211664283908624
1174_407.24_2.01,1.1964953743079514,wild type control_4,0.02117773855980899
1556_141.0913_2.42,1.1962735681643846,wild type control_4,0.021173812633624667
4787_356.2807_6.25,1.1958576673288166,wild type control_4,0.021166451268631876
2299_435.1901_3.11,1.195476694140067,wild type control_4,0.021159708116286383
4750_431.3531_6.28,1.1938135952630489,wild type control_4,0.02113027158525343
787_205.0976_1.07,1.1931874684444177,wild type control_4,0.021119189260695406
965_195.0995_1.69,1.192833656888084,Ctns gene knockout_4,-0.021112926864032308
900_155.0706_1.37,1.1922799174191228,Ctns gene knockout_4,-0.021103125781674854
3591_325.2734_4.61,1.19214094524954,wild type control_4,0.021100666000937116
2341_557.0132_3.15,1.191914216104082,wild type control_4,0.021096652938563873
4814_329.2485_6.41,1.1918012753437524,wild type control_4,0.0210946539087754
3207_424.3068_3.99,1.191798940591491,wild type control_4,0.021094612584108333
4786_339.254_6.23,1.1913061833712066,wild type control_4,0.021085890875852106
2284_492.1873_3.11,1.190030326630779,Ctns gene knockout_4,-0.021063308456338636
1763_207.1595_2.61,1.189439123849917,wild type control_4,0.02105284428054843
2082_445.2892_2.92,1.1883145002799702,wild type control_4,0.02103293865913614
2200_258.1705_3.0,1.1880630540896078,Ctns gene knockout_4,-0.021028488109810416
827_244.2028_1.07,1.1876832456881872,wild type control_4,0.021021765573977166
3346_319.2277_4.28,1.1874847008309848,wild type control_4,0.021018251368098467
709_301.1267_0.9,1.1870662479623026,wild type control_4,0.021010844832609205
3546_376.3069_4.56,1.1869898833249393,wild type control_4,0.021009493193179563
1829_264.1211_2.66,1.1856472218639609,Ctns gene knockout_4,-0.02098572834292983
4460_347.2205_5.79,1.1849016153275402,wild type control_4,0.02097253125029089
1705_219.0611_2.54,1.1842107830930124,wild type control_4,0.020960303652286193
1037_229.1052_1.78,1.183658617779126,wild type control_4,0.020950530432171533
4701_780.5539_6.3,1.1832129763832973,wild type control_4,0.020942642664968297
3581_632.4408_4.6,1.1832095483265368,wild type control_4,0.020942581989021363
3152_277.217_4.12,1.1811390026658888,wild type control_4,0.020905933728092886
5662_429.3738_8.66,1.1810518441129714,wild type control_4,0.020904391038428914
1479_315.0046_2.38,1.1802955042518337,wild type control_4,0.020891003968001837
3642_522.3766_4.67,1.1800144114953721,wild type control_4,0.020886028680144293
3306_811.4862_4.24,1.1800052123487113,wild type control_4,0.02088586585701339
4562_461.3638_5.91,1.179325793381679,wild type control_4,0.020873840271653555
2938_926.7215_3.84,1.179233282300088,wild type control_4,0.020872202843259025
1550_271.1912_2.42,1.1788995139728131,wild type control_4,0.02086629520790468
2448_845.4678_3.26,1.1786940339876444,wild type control_4,0.020862658251591584
1834_460.3126_2.69,1.1783265306147488,wild type control_4,0.020856153512402324
745_226.0692_0.96,1.178233083711474,Ctns gene knockout_4,-0.020854499520143538
1172_223.1546_2.01,1.177515485915883,wild type control_4,0.020841798176843392
285_268.1047_0.33,1.1773508875892023,wild type control_4,0.020838884818041782
526_311.1108_0.57,1.1769281033357029,wild type control_4,0.02083140161787229
748_266.1847_0.91,1.1764943423984568,wild type control_4,0.02082372413250653
5521_1170.7144_8.3,1.174984270785545,wild type control_4,0.0207969961546877
4748_466.3907_6.28,1.1746429802567044,wild type control_4,0.020790955377808888
994_298.1172_1.7,1.1729555944401797,wild type control_4,0.02076108897260648
3599_229.1441_4.62,1.1728620749504712,wild type control_4,0.020759433695581742
4277_327.2328_5.46,1.1727754864596225,wild type control_4,0.02075790109590701
493_238.1193_0.54,1.1708695537344194,wild type control_4,0.020724166452352467
4908_788.6153_6.61,1.1702690932114492,wild type control_4,0.020713538416303183
4025_277.1805_5.18,1.1697055207433449,wild type control_4,0.0207035632917475
3174_517.3318_4.0,1.1693180624458144,wild type control_4,0.02069670535422085
1504_329.1697_2.4,1.1686814895959823,wild type control_4,0.020685438136914796
3085_520.3648_3.92,1.1685002209744468,wild type control_4,0.0206822297170927
3234_490.3541_4.15,1.1680198039428624,wild type control_4,0.020673726427808816
4084_371.2591_5.24,1.165297759884843,wild type control_4,0.020625546770246528
230_150.0589_0.3,1.1640738226094043,wild type control_4,0.02060388331530184
2539_530.2794_3.3,1.1639694313138018,wild type control_4,0.0206020356093987
996_213.0739_1.58,1.1636975756764412,wild type control_4,0.020597223816776963
4583_350.3274_5.96,1.1625554592295448,wild type control_4,0.020577008574798935
707_188.0435_0.8,1.1625179448979588,wild type control_4,0.020576344578327545
185_381.0802_0.24,1.1621870012965783,Ctns gene knockout_4,-0.020570486940079565
4995_330.3011_6.75,1.1611303619185234,wild type control_4,0.020551784625819983
818_209.1388_1.15,1.1601607783914187,wild type control_4,0.020534623183419257
1955_449.1086_2.78,1.1599441839438513,Ctns gene knockout_4,-0.020530789503254182
685_248.0957_0.85,1.159916113221897,wild type control_4,0.020530292656861373
924_293.0637_1.49,1.1591754663814184,wild type control_4,0.020517183349889022
1659_281.1966_2.5,1.1589145725586876,wild type control_4,0.02051256557928305
4630_356.2807_6.21,1.158608810699137,wild type control_4,0.020507153653033964
1429_358.2445_2.33,1.1584736470986852,wild type control_4,0.020504761283239116
2494_310.1632_3.29,1.1579449321819664,Ctns gene knockout_4,-0.020495403130655017
2405_687.4345_3.2,1.1567691965603997,wild type control_4,0.02047459283573566
4074_568.4019_5.23,1.1557064642363613,wild type control_4,0.020455782677501193
271_215.1397_0.34,1.1556680781555044,wild type control_4,0.020455103251234966
2421_533.3269_3.3,1.1555972318862289,wild type control_4,0.0204538492858617
427_173.1289_0.47,1.154796910500761,wild type control_4,0.020439683750892484
1219_569.2931_2.02,1.1542532257147606,wild type control_4,0.020430060634494297
1119_238.1115_1.96,1.15413275453104,wild type control_4,0.020427928317656628
3086_281.1752_3.92,1.1540601523725638,wild type control_4,0.020426643273381406
455_180.0654_0.5,1.1538374290735613,wild type control_4,0.020422701113721842
4833_413.379_6.46,1.1536524761363098,wild type control_4,0.020419427482218463
2361_434.9498_3.16,1.1530194547730679,wild type control_4,0.020408223125543648
4820_834.6007_6.54,1.1527034749517031,wild type control_4,0.02040263034333092
163_177.0075_0.23,1.1519428320361285,wild type control_4,0.02038916710966591
734_158.0452_0.96,1.1517768214443895,Ctns gene knockout_4,-0.020386228754043736
2252_367.2104_3.14,1.1513225037571138,Ctns gene knockout_4,-0.020378187418146565
1787_348.185_2.65,1.1511695002058075,wild type control_4,0.020375479284644452
4677_404.3381_6.15,1.1507181791371293,wild type control_4,0.02036749098832151
774_367.151_0.92,1.150588215762629,wild type control_4,0.02036519066152826
498_217.0509_0.55,1.1505202636350702,wild type control_4,0.0203639879219081
1569_279.0433_2.43,1.149973710416504,wild type control_4,0.020354314034803846
3928_381.2623_4.94,1.1493597532506148,wild type control_4,0.020343447110764423
2049_385.2134_2.99,1.149297137963622,wild type control_4,0.020342338832198326
226_123.0555_0.3,1.1486164565979486,wild type control_4,0.020330290902624757
4497_364.2549_5.78,1.147994045578871,wild type control_4,0.020319274347005898
3774_316.3219_4.86,1.1475093148211348,wild type control_4,0.020310694705596773
3565_249.1853_4.6,1.1459837882608228,wild type control_4,0.020283693178174224
286_170.0927_0.28,1.1446169258575967,wild type control_4,0.02025949997589001
4450_343.2853_5.68,1.1446014980017323,wild type control_4,0.020259226905801276
1649_464.2532_2.49,1.1435807122528452,wild type control_4,0.02024115919389891
551_461.2114_0.6,1.14316993175647,wild type control_4,0.02023388845792742
4442_366.2708_5.61,1.1420359723826197,wild type control_4,0.02021381759457725
4377_298.2749_5.59,1.1419371715630222,wild type control_4,0.020212068839026782
4489_372.2908_5.79,1.1409838972345268,wild type control_4,0.020195196066312274
3554_373.2748_4.57,1.140673939659037,wild type control_4,0.02018970987669608
3688_393.2622_4.88,1.1406470467585428,wild type control_4,0.020189233877517136
3712_297.2434_4.76,1.1406374661258611,wild type control_4,0.020189064302156858
1232_193.1438_2.09,1.139864782420474,wild type control_4,0.02017538794882237
1087_272.0933_1.88,1.1386402982642516,Ctns gene knockout_4,-0.02015371481419274
3756_688.3475_4.82,1.1378621634191903,wild type control_4,0.020139941976731905
1213_256.1914_2.06,1.1372406747509964,wild type control_4,0.02012894174654672
889_175.0345_1.4,1.1362349514226613,wild type control_4,0.020111140636598177
1977_274.2018_2.83,1.1347062112261814,Ctns gene knockout_4,-0.020084082228432037
2472_523.0023_3.28,1.1337957044099434,wild type control_4,0.020067966432478906
66_362.9273_0.21,1.1334229642351892,wild type control_4,0.020061369002901504
3743_595.4229_4.81,1.1329639498637625,wild type control_4,0.02005324453659599
3940_251.2377_5.05,1.1327955145614674,wild type control_4,0.020050263264062188
1934_321.1317_2.8,1.132305465245555,wild type control_4,0.020041589485193793
799_129.0549_0.94,1.1322616097212193,wild type control_4,0.02004081325082738
4455_359.2996_5.77,1.1308464839531391,wild type control_4,0.0200157657962453
3704_374.2916_4.81,1.1308426057481895,wild type control_4,0.02001569715276178
935_243.0666_1.54,1.1307938737897683,wild type control_4,0.02001483460644768
972_312.1659_1.72,1.1306118540710155,Ctns gene knockout_4,-0.020011612892348946
1841_169.1227_2.65,1.1302824161947211,wild type control_4,0.020005781905146097
2203_468.9604_3.03,1.129891624483047,wild type control_4,0.01999886496682867
2838_320.2959_3.64,1.1290677101612108,wild type control_4,0.019984281841412387
5405_427.3793_7.92,1.128616135772068,wild type control_4,0.01997628906136583
3870_520.3411_4.97,1.1284674814469138,Ctns gene knockout_4,-0.01997365790833214
412_275.1243_0.49,1.1275559938291166,wild type control_4,0.019957524752379597
4936_420.3332_6.61,1.1261249262593847,wild type control_4,0.01993219513096695
3220_306.1708_4.11,1.1258593278931592,wild type control_4,0.019927494090843757
4988_409.3479_6.76,1.1256816387835977,wild type control_4,0.019924349027696818
1643_155.107_2.49,1.1249448413211567,wild type control_4,0.01991130785397717
1803_271.0607_2.66,1.124802965457354,wild type control_4,0.019908796678408856
2347_398.2547_3.17,1.1247845177602476,Ctns gene knockout_4,-0.019908470157709537
2706_235.1335_3.48,1.1245093683869443,wild type control_4,0.01990360006659357
5633_810.6014_8.64,1.1243338483103174,wild type control_4,0.019900493394913413
319_438.2345_0.39,1.1237683665832872,wild type control_4,0.019890484476841063
1398_303.1374_2.3,1.1226784254286013,wild type control_4,0.01987119272752455
1023_166.1442_1.77,1.1218962053504757,wild type control_4,0.019857347582222292
4136_505.2209_5.33,1.1218745329766708,wild type control_4,0.01985696398536411
1531_253.1805_2.41,1.1213608038755747,wild type control_4,0.01984787107884128
407_320.1346_0.44,1.1211126427371516,Ctns gene knockout_4,-0.019843478674304603
3412_392.3171_4.34,1.1207757348945055,wild type control_4,0.01983751547013055
4994_326.2781_6.77,1.1203376877489672,wild type control_4,0.019829762119700382
1907_443.23_2.73,1.1201120775638733,wild type control_4,0.019825768862710893
538_242.1868_0.6,1.1190178236533017,wild type control_4,0.01980640077844267
3931_415.2465_5.05,1.1181880557506079,wild type control_4,0.019791714045768308
4707_369.2647_6.21,1.1180153279368872,wild type control_4,0.019788656796605856
3034_412.2681_3.86,1.1172675906322287,wild type control_4,0.019775421989777928
4596_367.2834_6.0,1.1171772625284766,wild type control_4,0.019773823199672306
1169_240.1228_2.01,1.1171188849719969,wild type control_4,0.019772789928123216
3019_333.2069_3.87,1.1163463283972743,wild type control_4,0.019759115824977105
3803_520.3411_4.94,1.1161689754982036,Ctns gene knockout_4,-0.019755976712691345
3396_357.2801_4.45,1.1160760225154303,wild type control_4,0.01975433146273067
200_258.1107_0.27,1.1152106036486944,wild type control_4,0.019739013714832932
2425_167.0859_3.23,1.1145486474819757,wild type control_4,0.01972729721768815
4713_361.236_6.15,1.1131664494113476,wild type control_4,0.0197028325770333
4472_358.2962_5.77,1.1126843787778855,wild type control_4,0.019694300019313448
4480_439.283_5.78,1.1125591599829108,wild type control_4,0.019692083670667482
3549_803.5452_4.57,1.112201987703775,wild type control_4,0.019685761789855597
1825_219.1233_2.67,1.1117876089335825,wild type control_4,0.019678427365127923
2757_1089.0774_3.54,1.111782889500003,wild type control_4,0.01967834383205906
4514_367.2836_5.94,1.1113782137315111,wild type control_4,0.01967118114859982
179_245.1502_0.37,1.1112007836324207,Ctns gene knockout_4,-0.019668040669888528
368_184.0608_0.4,1.1105396685806217,Ctns gene knockout_4,-0.01965633906031644
3224_382.2962_4.2,1.1100665534057605,wild type control_4,0.019647965012495588
4273_322.275_5.46,1.1087449273149679,wild type control_4,0.01962457248426219
4705_339.254_6.14,1.1085116093474607,wild type control_4,0.019620442801002835
1729_289.1765_2.49,1.108184984989459,wild type control_4,0.01961466161253395
4490_394.2727_5.79,1.1080522888408428,wild type control_4,0.019612312916163173
3054_255.2074_3.9,1.1050980827935604,wild type control_4,0.019560024035934664
933_281.1001_1.59,1.105041712215886,Ctns gene knockout_4,-0.01955902628752536
1966_413.2522_2.8,1.1039232638448775,wild type control_4,0.01953922996594947
4864_324.2624_6.52,1.103631363942998,wild type control_4,0.019534063393691545
4109_617.3889_5.26,1.103468726672268,wild type control_4,0.019531184745204006
4046_505.0281_5.18,1.1030598619970746,wild type control_4,0.019523947918899855
2628_496.0703_3.4,1.1024490048912945,wild type control_4,0.019513135865329573
3235_249.1128_4.09,1.1022633255888437,wild type control_4,0.01950984937730153
3529_383.2779_4.52,1.1009648803690502,wild type control_4,0.01948686714603722
2353_458.3334_3.15,1.100332045708303,wild type control_4,0.019475666093960745
3017_457.326_3.86,1.1001078441273577,wild type control_4,0.01947169776899442
4883_309.2796_6.56,1.0984440982940158,wild type control_4,0.019442249786958663
4869_277.217_6.51,1.0968963320348892,wild type control_4,0.01941485462113411
1534_259.0171_2.42,1.0968328598472308,wild type control_4,0.019413731175590643
2201_511.3287_3.01,1.0963212916225085,wild type control_4,0.019404676516165034
332_262.1654_0.39,1.0952610419851474,wild type control_4,0.019385910301008412
4559_388.3432_5.92,1.0951111673749823,wild type control_4,0.019383257549164163
550_197.1288_0.65,1.0948942967555102,wild type control_4,0.019379418980809363
488_255.1458_0.51,1.0947459080783617,wild type control_4,0.019376792529694407
879_282.0835_1.42,1.0946373971299108,Ctns gene knockout_4,-0.019374871906726265
1445_174.0554_2.34,1.0943687406306954,Ctns gene knockout_4,-0.019370116738235903
1545_307.0794_2.41,1.0942664650992786,Ctns gene knockout_4,-0.019368306480952908
3663_335.2203_4.76,1.0942223449917976,wild type control_4,0.019367525563515592
3048_297.1857_3.89,1.0939544355766582,wild type control_4,0.019362783618270034
2375_586.364_3.18,1.0937806794339702,wild type control_4,0.019359708167882156
1039_201.1601_1.69,1.0927702314891639,wild type control_4,0.01934182343312856
755_284.2075_1.04,1.0923987306965695,wild type control_4,0.019335247940377595
4795_390.3144_6.39,1.092104042300352,wild type control_4,0.0193300320123049
402_217.1553_0.45,1.0920898594888577,wild type control_4,0.019329780979262634
5185_468.3588_7.22,1.0913858204721583,wild type control_4,0.019317319623747414
3667_303.2174_4.72,1.0912222834620031,wild type control_4,0.019314425050044676
949_224.0922_1.56,1.0908258059017248,wild type control_4,0.019307407473297872
578_157.0839_0.68,1.0908047933281855,wild type control_4,0.0193070355547778
3189_502.2974_4.06,1.0894820543634056,wild type control_4,0.01928362332888835
2331_299.0922_3.14,1.0891976964198649,wild type control_4,0.019278590247845978
1805_438.2399_2.65,1.0890476548303332,Ctns gene knockout_4,-0.01927593454049898
934_247.1447_1.6,1.0888066829675809,wild type control_4,0.019271669384762304
2035_227.082_2.88,1.0887986764255553,wild type control_4,0.019271527670504624
611_312.1309_0.7,1.088709187124037,wild type control_4,0.019269943727037605
4435_315.1964_5.7,1.0885340696863732,wild type control_4,0.01926684418198984
5640_703.5769_8.67,1.0884182600698733,wild type control_4,0.01926479437399759
3222_348.3271_4.11,1.0882013645948878,wild type control_4,0.019260955365704973
1995_401.263_2.84,1.0875598054511688,wild type control_4,0.019249599891953816
844_199.0401_1.24,1.0873158153760554,wild type control_4,0.019245281314437434
4933_389.3062_6.61,1.0870793777759495,wild type control_4,0.019241096414279634
3749_337.2363_4.88,1.086898213959976,wild type control_4,0.019237889849495874
1559_159.102_2.43,1.0853404139949256,wild type control_4,0.01921031708900159
3458_241.1805_4.54,1.0839563443541553,wild type control_4,0.019185819321914308
3022_281.1956_3.86,1.0837298588832247,wild type control_4,0.019181810572533445
5632_762.5931_8.64,1.0837137551715967,wild type control_4,0.019181525539927365
2845_346.2598_3.61,1.082783147057572,wild type control_4,0.01916505395486014
1548_399.1928_2.4,1.0826746379887993,wild type control_4,0.019163133365161945
1033_141.0913_1.8,1.0825919526625438,wild type control_4,0.01916166985075163
2317_378.2604_3.12,1.0818063064617942,wild type control_4,0.019147764063736278
1277_316.2605_2.17,1.0805263719092282,wild type control_4,0.01912510946773035
735_166.0866_0.95,1.0803854207290593,Ctns gene knockout_4,-0.01912261465888494
3388_280.1913_4.32,1.080307062975199,wild type control_4,0.019121227741675715
2717_237.1857_3.54,1.0796030225395699,wild type control_4,0.019108766361045713
1292_211.1333_2.31,1.0794286136273585,Ctns gene knockout_4,-0.01910567935676252
3571_276.2329_4.59,1.0789605616341593,wild type control_4,0.01909739492628563
4000_376.3068_5.14,1.0789030286147014,wild type control_4,0.019096376602879796
4600_341.2696_5.88,1.0785934786630123,wild type control_4,0.01909089762812666
282_136.076_0.33,1.07835746945959,wild type control_4,0.019086720310507965
3364_388.1929_4.31,1.078193931040137,wild type control_4,0.019083825711860923
5166_353.3062_7.14,1.0778179941542896,wild type control_4,0.01907717170111051
1234_158.118_2.09,1.0776035821893377,wild type control_4,0.019073376650468987
1735_267.1213_2.51,1.0769108572063855,wild type control_4,0.01906111555118033
808_253.1288_1.14,1.076515829291658,wild type control_4,0.019054123632881635
4894_532.3858_6.56,1.076454981673634,wild type control_4,0.01905304664171713
960_297.1452_1.57,1.0742121728082374,Ctns gene knockout_4,-0.019013349355115866
4316_358.2962_5.52,1.0735492665900044,wild type control_4,0.019001616042241563
1085_250.1094_1.88,1.07339430905661,wild type control_4,0.018998873323631395
3959_675.98_5.09,1.0728935460482798,wild type control_4,0.018990009914462782
846_196.097_1.28,1.071734273506658,wild type control_4,0.018969491012899763
2309_405.5989_3.12,1.071672360899375,wild type control_4,0.018968395171629713
4040_325.2747_5.04,1.0713233620852107,wild type control_4,0.01896221795957962
1684_230.1182_2.57,1.0708213917048028,wild type control_4,0.018953333180156885
3523_255.16_4.52,1.0707381129315725,wild type control_4,0.018951859161848984
2218_465.37_3.06,1.0694947842211329,wild type control_4,0.018929852482225312
3501_968.887_4.49,1.0694768985416807,wild type control_4,0.018929535909130643
418_211.1082_0.48,1.0686318718772718,Ctns gene knockout_4,-0.018914579099301547
2465_595.3505_3.26,1.0681522812785127,wild type control_4,0.018906090437720104
724_156.1023_0.93,1.06777329859655,Ctns gene knockout_4,-0.01889938251696283
4620_457.3293_6.03,1.067464414318767,wild type control_4,0.018893915324510117
1079_322.0855_1.91,1.0674195022399875,wild type control_4,0.01889312038933277
104_104.1072_0.22,1.0666301304222627,Ctns gene knockout_4,-0.01887914865961177
2696_358.369_3.48,1.0653503612947113,wild type control_4,0.01885649699159686
1280_293.1531_2.19,1.065327058610663,Ctns gene knockout_4,-0.01885608453856017
865_289.0543_1.3,1.0647608937660822,wild type control_4,0.018846063529438243
5592_429.3738_8.52,1.064685726593017,wild type control_4,0.01884473308489693
866_215.1873_1.36,1.0646434827575517,wild type control_4,0.018843985377114302
2913_422.2909_3.75,1.0644036392866933,wild type control_4,0.01883974019369765
183_186.0878_0.27,1.0642798337116888,wild type control_4,0.01883754885877401
3435_333.2049_4.4,1.0642716271511476,wild type control_4,0.01883740360422698
4201_284.2593_5.36,1.0622129761178642,wild type control_4,0.0188009658759207
1268_151.0757_2.15,1.0621425688173365,wild type control_4,0.018799719680210047
4158_335.2225_5.36,1.0618195961456374,wild type control_4,0.018794003125888085
1754_130.123_2.59,1.0612597415199228,wild type control_4,0.018784093806429376
710_244.0982_0.9,1.0612453374103128,wild type control_4,0.018783838856452923
373_174.1492_0.41,1.0607431711593407,Ctns gene knockout_4,-0.018774950610158787
2815_229.1441_3.54,1.060364238382688,wild type control_4,0.018768243572715924
849_397.0731_1.27,1.0601914215585269,wild type control_4,0.018765184748085754
281_165.055_0.33,1.059980810876085,wild type control_4,0.018761456979415326
2949_726.9305_3.78,1.059587332440901,wild type control_4,0.018754492486607263
3793_690.4834_4.89,1.0595752636005673,wild type control_4,0.01875427887044894
3090_407.2803_3.93,1.0585310126382708,wild type control_4,0.018735795828771377
903_304.1034_1.41,1.056652119867555,Ctns gene knockout_4,-0.018702539787223246
23_242.0003_0.2,1.055351082305801,wild type control_4,0.018679511672003615
810_214.0513_1.17,1.0548318024029255,wild type control_4,0.018670320517354295
3290_288.2904_4.21,1.0530418107718238,wild type control_4,0.018638638008920325
3384_288.2904_4.27,1.0526595815866455,wild type control_4,0.018631872625679027
1076_265.1553_1.93,1.0525520425582133,wild type control_4,0.01862996920550874
4468_458.3485_5.76,1.0523133104799396,wild type control_4,0.018625743693527593
1951_470.2752_2.8,1.0520763671889533,wild type control_4,0.018621549842738234
5556_1199.7747_8.38,1.0517860535158423,wild type control_4,0.01861641134642517
2886_397.2572_3.7,1.0515240162862045,wild type control_4,0.01861177333773632
3978_474.3587_5.12,1.0514172405800928,wild type control_4,0.01860988342822465
5500_542.5156_8.26,1.0505476772262035,wild type control_4,0.01859449232369948
5064_601.5418_6.86,1.0490193400524654,wild type control_4,0.018567441048958546
2029_592.3919_2.87,1.0477203152427073,wild type control_4,0.018544448559063065
3744_640.3473_4.8,1.0475426997422685,wild type control_4,0.018541304798783475
421_174.1322_0.48,1.0460833492651878,wild type control_4,0.01851547457533725
4021_390.3224_5.15,1.045938092238808,wild type control_4,0.01851290355384005
3446_293.2119_4.41,1.0456624877660368,wild type control_4,0.01850802540755082
4448_201.1489_5.85,1.043689285940247,wild type control_4,0.01847310011382247
3258_718.9329_4.15,1.0433134534879893,wild type control_4,0.01846644795152656
921_202.1077_1.45,1.0429322515224089,Ctns gene knockout_4,-0.018459700749875057
772_574.2844_0.98,1.0426794714551824,wild type control_4,0.018455226591184766
896_297.1451_1.45,1.0425954812537874,Ctns gene knockout_4,-0.018453739980734844
2214_694.9257_3.03,1.04224946876003,wild type control_4,0.018447615625982985
4356_321.2433_5.43,1.0418202599305824,Ctns gene knockout_4,-0.01844001871205186
3890_318.2291_5.0,1.0417844629340152,wild type control_4,0.01843938511208081
2941_408.3119_3.77,1.0415073823046745,wild type control_4,0.01843448083810352
3985_653.4649_5.12,1.041294699570146,wild type control_4,0.018430716394508714
4425_364.283_5.67,1.0412415340666825,wild type control_4,0.018429775375298003
4479_414.3223_5.78,1.0406285641242103,wild type control_4,0.018418925924923647
4608_307.2275_5.99,1.040015842889912,wild type control_4,0.018408080876636253
1053_254.148_1.83,1.039725671562355,wild type control_4,0.018402944899812184
3101_221.1179_3.94,1.0394291759603764,wild type control_4,0.018397696984544257
250_124.0971_0.31,1.0392292154228127,wild type control_4,0.01839415772139478
2612_440.3019_3.41,1.0390555121725524,wild type control_4,0.018391083207192727
314_456.2449_0.39,1.0379353290563884,wild type control_4,0.018371256180960426
979_188.0744_1.64,1.0374485683206833,wild type control_4,0.018362640609330735
2915_405.2646_3.74,1.037199615704112,wild type control_4,0.018358234195782683
4699_772.5876_6.21,1.0371552064748415,wild type control_4,0.01835744816094517
5409_631.4938_7.96,1.0364285701304385,wild type control_4,0.018344586837065233
2055_264.0334_2.91,1.0358597409013213,wild type control_4,0.018334518668848207
4880_812.5118_6.54,1.0353246816896995,wild type control_4,0.018325048223461576
645_302.197_0.8,1.0335181308420338,wild type control_4,0.018293072620071554
1068_589.008_1.87,1.0327372776665102,wild type control_4,0.018279251668683088
260_231.0847_0.31,1.0320655390355762,wild type control_4,0.018267362023798608
3375_495.4162_4.3,1.031777501510802,wild type control_4,0.018262263814874388
4506_163.1121_5.82,1.0310919782238346,wild type control_4,0.01825013018422291
4376_330.2439_5.59,1.0302705451961098,wild type control_4,0.01823559097723633
3770_495.6844_4.84,1.0302142143001278,wild type control_4,0.01823459393118537
1983_488.2769_2.84,1.0301498873597086,wild type control_4,0.01823345535668203
2150_354.128_2.98,1.0293938606801136,wild type control_4,0.018220073829508167
3551_402.2084_4.57,1.0282023560231517,wild type control_4,0.01819898442568784
1144_205.0452_1.99,1.027880486771344,wild type control_4,0.01819328740168625
4296_365.2674_5.5,1.0276557002177926,wild type control_4,0.018189308722817037
1937_379.25_2.8,1.0275815423949828,wild type control_4,0.018187996143581582
401_160.0761_0.45,1.0274867601364754,wild type control_4,0.01818631851579139
1185_307.1773_2.03,1.0274226296983366,wild type control_4,0.018185183419340712
1840_431.0981_2.57,1.0274089845283874,Ctns gene knockout_4,-0.018184941902450638
825_135.0555_1.17,1.026695404237071,Ctns gene knockout_4,-0.018172311668205335
4692_372.3119_6.18,1.0259661820616999,wild type control_4,0.018159404575613394
4678_307.264_6.2,1.0258920967109961,wild type control_4,0.018158093279120314
2707_372.3483_3.49,1.0257934030110423,wild type control_4,0.018156346419566986
3131_392.3033_3.97,1.025553800383699,wild type control_4,0.018152105499034336
3873_339.1941_4.98,1.025406669973211,wild type control_4,0.018149501318997858
4153_371.2802_5.31,1.0251216060953743,wild type control_4,0.018144455743053896
164_116.0709_0.27,1.0247797698111363,wild type control_4,0.018138405306409262
3060_240.1599_3.9,1.0244237661441116,Ctns gene knockout_4,-0.018132104109807524
437_131.1182_0.43,1.0244070614210052,wild type control_4,0.01813180843941359
4549_329.2122_5.92,1.0243433725722053,wild type control_4,0.01813068115900949
5170_490.4269_7.25,1.0236756793079977,wild type control_4,0.018118863116339902
414_245.1003_0.47,1.0234979276829133,wild type control_4,0.0181157169466802
296_121.0651_0.34,1.0234946200258899,wild type control_4,0.01811565840178551
2287_501.3678_3.14,1.0233138365610766,wild type control_4,0.018112458569144313
162_242.1006_0.27,1.0232401362288497,wild type control_4,0.0181111540874044
5011_307.264_6.78,1.0229324835356135,wild type control_4,0.01810570869376187
943_211.117_1.55,1.0224606402770324,Ctns gene knockout_4,-0.018097357158615133
2784_503.316_3.6,1.0220572034434905,wild type control_4,0.0180902164040668
3692_478.3495_4.73,1.020415976980505,wild type control_4,0.018061167010565676
4332_367.2832_5.54,1.0195988670420948,wild type control_4,0.018046704321430518
1356_473.7723_2.26,1.0195153425072003,wild type control_4,0.01804522595318831
5255_463.3793_7.52,1.018733782184823,wild type control_4,0.01803139248543621
1241_338.0878_2.1,1.0182441227284993,Ctns gene knockout_4,-0.018022725607007732
3380_135.0807_4.31,1.0179737375817521,wild type control_4,0.018017939841787723
1163_310.148_2.0,1.0179338937048479,wild type control_4,0.018017234612811156
2713_241.1918_3.52,1.0175731000592947,wild type control_4,0.018010848634508497
3864_388.3067_4.97,1.0171965690160893,wild type control_4,0.018004184107286842
1151_369.1164_2.0,1.0171826355969402,Ctns gene knockout_4,-0.01800393748844124
3256_613.2841_4.1,1.0171587733838052,wild type control_4,0.01800351513184707
158_300.1298_0.23,1.0163302664090257,wild type control_4,0.017988850717354864
3760_411.331_4.83,1.0161797847290999,wild type control_4,0.017986187220492326
780_305.1271_1.02,1.0153820450231692,wild type control_4,0.017972067380755585
1294_297.1915_2.18,1.0151626175168753,wild type control_4,0.017968183555994617
805_282.1917_1.18,1.0137265114275071,Ctns gene knockout_4,-0.01794276475375112
2220_348.1453_3.05,1.0131149005348226,Ctns gene knockout_4,-0.017931939358297257
4772_324.2905_6.3,1.0123084943952367,wild type control_4,0.017917666124347604
834_258.0977_1.13,1.012167379251448,wild type control_4,0.017915168413377584
1682_372.2602_2.52,1.0120861321459536,wild type control_4,0.017913730355198797
3509_370.2962_4.48,1.0113623137342578,wild type control_4,0.017900918908187114
2512_461.3745_3.31,1.0111368026346397,wild type control_4,0.017896927404991537
3205_330.2283_4.08,1.011025656220611,wild type control_4,0.01789496013478832
2193_532.2954_3.01,1.0110169714198998,wild type control_4,0.01789480641548204
1838_751.7514_2.57,1.0109377346041033,wild type control_4,0.017893403939045205
654_192.0694_0.85,1.0102783055105207,wild type control_4,0.01788173217061008
2658_271.1547_3.43,1.0096138796516014,wild type control_4,0.017869971960387195
2871_504.2637_3.69,1.0089016480482969,wild type control_4,0.017857365597660935
1309_360.1297_2.19,1.0081621194805677,Ctns gene knockout_4,-0.017844276083901687
100_156.0771_0.22,1.0066038422821042,wild type control_4,0.017816694876467552
450_199.1081_0.49,1.0065272175959872,wild type control_4,0.017815338634224867
4024_353.2333_5.15,1.00568380457843,wild type control_4,0.017800410385635443
4441_324.2624_5.73,1.0053006785229337,wild type control_4,0.017793629127961594
2901_273.1104_3.71,1.0051497351885008,wild type control_4,0.017790957459902855
474_206.1393_0.54,1.004382283732404,wild type control_4,0.017777373716376922
2976_337.238_3.82,1.0041099874252977,wild type control_4,0.01777255412398524
643_194.085_0.81,1.003743119192141,wild type control_4,0.0177660606266475
1399_412.1978_2.38,1.0035561060486708,wild type control_4,0.01776275052988933
2922_354.2342_3.75,1.002480501261961,wild type control_4,0.017743712531535352
4067_490.3527_5.21,1.0024568510274998,wild type control_4,0.017743293926923035
2219_716.4373_3.05,1.0007061528688006,wild type control_4,0.017712306905411552
1901_218.1392_2.74,1.000638724283614,Ctns gene knockout_4,-0.017711113432390926
2339_620.4234_3.15,1.00048125393933,wild type control_4,0.01770832623751013
2929_486.2707_3.77,1.000291261521014,wild type control_4,0.01770496340815881
4865_484.3536_6.52,1.0001481337786275,wild type control_4,0.017702430074579757
