ID,comp1,GroupContrib,importance,featID
633_195.0768_0.77,2.7488638788526885,Ctns gene knockout_9,-0.04865436324525356,633
2695_226.1443_3.55,2.7240508378344903,Ctns gene knockout_9,-0.048215177179982596,2695
770_250.0385_1.03,2.7168292058720116,wild type control_9,0.04808735567982427,770
2914_226.1443_3.65,2.71681593174919,Ctns gene knockout_9,-0.04808712073039716,2914
1080_259.1658_1.87,2.7167456657623936,wild type control_9,0.04808587703591245,1080
3599_229.1441_4.62,2.7053332043191185,wild type control_9,0.04788387865801702,3599
680_270.1932_0.84,2.681314009262275,wild type control_9,0.04745874351395088,680
762_254.9939_1.02,2.6363578004866435,wild type control_9,0.04666302724413982,762
2725_486.2344_3.51,2.6255054742368475,wild type control_9,0.04647094315169871,2725
823_174.1129_1.14,2.617223948246417,wild type control_9,0.04632436173060208,823
2491_226.1443_3.36,2.602371458173208,Ctns gene knockout_9,-0.046061475505977514,2491
1372_298.0917_2.27,2.579446380897833,wild type control_9,0.04565570603672058,1372
520_178.09_0.58,2.5538377639554617,wild type control_9,0.045202438430234824,520
1173_186.1128_2.01,2.5497429227919457,wild type control_9,0.04512996052729681,1173
2112_351.2178_2.97,2.511361853366492,wild type control_9,0.04445062296244557,2112
555_173.1653_0.54,2.5110415903191723,wild type control_9,0.04444495436795524,555
3535_191.1434_4.54,2.5016455696692614,Ctns gene knockout_9,-0.04427864660521819,3535
2479_200.1285_3.12,2.489578004393302,Ctns gene knockout_9,-0.04406505301517568,2479
2169_444.2235_2.98,2.4831748702071517,Ctns gene knockout_9,-0.04395171876861739,2169
631_120.0446_0.77,2.480788839889582,Ctns gene knockout_9,-0.04390948648979182,631
643_194.085_0.81,2.4764526062754846,wild type control_9,0.04383273598679325,643
2478_400.2709_3.34,2.470614060966641,wild type control_9,0.04372939485503851,2478
1964_240.0749_2.82,2.468467532569827,wild type control_9,0.04369140171425832,1964
1936_202.1805_2.78,2.4638829274750327,Ctns gene knockout_9,-0.04361025508370517,1936
597_279.1346_0.69,2.4627012277097817,Ctns gene knockout_9,-0.04358933922458691,597
516_227.1031_0.57,2.4504453249071716,Ctns gene knockout_9,-0.043372412096458035,516
2160_286.2018_3.0,2.4353654148852226,Ctns gene knockout_9,-0.04310550058237467,2160
1771_490.3233_2.61,2.433422013500829,wild type control_9,0.04307110275074138,1771
1311_263.1396_2.21,2.4176434326771665,Ctns gene knockout_9,-0.04279182489751807,1311
679_198.1128_0.84,2.4121964537996026,Ctns gene knockout_9,-0.04269541441646914,679
796_199.0944_1.18,2.395379146120116,wild type control_9,0.042397751297192955,796
1530_302.1241_2.41,2.3939409485513132,Ctns gene knockout_9,-0.042372295476164744,1530
1318_495.2978_2.23,2.384564581742258,Ctns gene knockout_9,-0.04220633558263996,1318
1529_167.107_2.41,2.347946116109006,wild type control_9,0.04155819576672893,1529
2720_363.2175_3.5,2.346569563338318,Ctns gene knockout_9,-0.04153383104679988,2720
225_139.0505_0.3,2.3433017871411996,Ctns gene knockout_9,-0.04147599203508238,225
1850_304.2489_2.7,2.3427803593572483,Ctns gene knockout_9,-0.04146676286335012,1850
2034_444.1874_2.88,2.334693759412323,wild type control_9,0.041323631595859465,2034
1343_330.1916_2.25,2.3332640567403535,Ctns gene knockout_9,-0.041298326132875346,1343
114_156.0424_0.22,2.3179334291886966,wild type control_9,0.041026976966620034,114
1100_317.0937_1.91,2.3104236138899905,Ctns gene knockout_9,-0.040894054676702755,1100
2488_429.195_3.28,2.2868468683941616,Ctns gene knockout_9,-0.04047675080497603,2488
248_301.1512_0.31,2.2801145448066347,wild type control_9,0.04035758996917326,248
3220_306.1708_4.11,2.271430116563131,Ctns gene knockout_9,-0.04020387725550004,3220
735_166.0866_0.95,2.250763626888373,Ctns gene knockout_9,-0.03983808435343038,735
1511_149.0964_2.39,2.249896569497075,wild type control_9,0.03982273760396227,1511
920_137.06_1.47,2.2443308891012226,wild type control_9,0.03972422612881429,920
521_254.161_0.51,2.232644893656495,Ctns gene knockout_9,-0.03951738625157473,521
455_180.0654_0.5,2.223830959715845,wild type control_9,0.039361381311909596,455
2776_498.2895_3.58,2.209889730788938,Ctns gene knockout_9,-0.039114624234735565,2776
1102_295.1118_1.92,2.1995962670175433,Ctns gene knockout_9,-0.03893243190093607,1102
1437_279.1346_2.34,2.1967781088903156,Ctns gene knockout_9,-0.03888255104278972,1437
857_281.1148_1.22,2.1937127266715994,Ctns gene knockout_9,-0.038828294365657635,857
1605_342.1919_2.43,2.182719293511537,Ctns gene knockout_9,-0.03863371270797827,1605
1655_130.0653_2.5,2.174702395380474,wild type control_9,0.038491815149219656,1655
818_209.1388_1.15,2.1717221581398927,Ctns gene knockout_9,-0.03843906552186422,818
667_273.145_0.82,2.160067283285591,wild type control_9,0.03823277647310425,667
1698_821.1354_2.55,2.1551074160311465,wild type control_9,0.03814498777432492,1698
4713_361.236_6.15,2.1468218089246234,Ctns gene knockout_9,-0.037998334118256476,4713
1197_198.1128_1.94,2.1442567004965354,Ctns gene knockout_9,-0.03795293219123354,1197
2929_486.2707_3.77,2.140073584297215,Ctns gene knockout_9,-0.03787889183709866,2929
4159_301.217_5.28,2.139013292550238,wild type control_9,0.03786012487660991,4159
775_309.1452_1.12,2.134776830264281,wild type control_9,0.0377851403069768,775
930_141.0912_1.49,2.1336037184162917,Ctns gene knockout_9,-0.03776437645234636,930
849_397.0731_1.27,2.130567126877504,wild type control_9,0.03771062936472509,849
581_167.0468_0.6,2.1272420560574563,wild type control_9,0.03765177624917456,581
1004_216.1236_1.81,2.1228617422147917,Ctns gene knockout_9,-0.03757424553458779,1004
4046_505.0281_5.18,2.117748269844224,wild type control_9,0.0374837380547245,4046
2189_170.118_3.01,2.1165008809551193,wild type control_9,0.03746165951071747,2189
860_164.0709_1.3,2.110836728867597,wild type control_9,0.03736140510552018,860
1061_276.1346_1.87,2.10765551152913,Ctns gene knockout_9,-0.0373050981689932,1061
397_429.1489_0.44,2.101296292684764,Ctns gene knockout_9,-0.03719254121555869,397
1512_203.1281_2.39,2.0997624276578937,wild type control_9,0.03716539209887791,1512
2739_406.2444_3.52,2.099111673334069,wild type control_9,0.03715387387220312,2739
3141_349.1999_3.88,2.094500355354588,wild type control_9,0.03707225442871628,3141
1969_218.093_2.82,2.093963391588162,wild type control_9,0.03706275027307502,1969
1715_226.1443_2.51,2.093802540263046,Ctns gene knockout_9,-0.037059903235482194,1715
2006_165.1278_2.71,2.0930146949262487,Ctns gene knockout_9,-0.03704595852418073,2006
640_229.1552_0.84,2.0923403697071135,Ctns gene knockout_9,-0.03703402309718136,640
1836_270.0855_2.67,2.0905954351873657,wild type control_9,0.037003138090973484,1836
286_170.0927_0.28,2.088181321670462,Ctns gene knockout_9,-0.03696040874490788,286
1305_297.1679_2.23,2.072636682533655,Ctns gene knockout_9,-0.036685271614656734,1305
635_187.1445_0.78,2.0724210753249417,wild type control_9,0.03668145540842996,635
279_182.0815_0.33,2.0693205221998374,wild type control_9,0.036626576213002866,279
3444_289.1804_4.41,2.0687636935075253,wild type control_9,0.03661672045198481,3444
91_266.1604_0.21,2.0679930874153634,wild type control_9,0.03660308087200579,91
2806_361.2019_3.55,2.058403332001664,Ctns gene knockout_9,-0.036433344041120586,2806
2865_355.1736_3.69,2.0449874990743138,Ctns gene knockout_9,-0.03619588637233366,2865
229_143.1182_0.3,2.0445319170747234,wild type control_9,0.0361878226583511,229
1642_480.2272_2.49,2.0431097283270674,Ctns gene knockout_9,-0.03616265019038566,1642
1770_242.1392_2.63,2.031101860834323,Ctns gene knockout_9,-0.035950113239652144,1770
1083_216.1236_1.91,2.0305245232114015,Ctns gene knockout_9,-0.035939894474497254,1083
925_216.1236_1.5,2.0299871154232347,Ctns gene knockout_9,-0.035930382459756376,925
644_220.1186_0.61,2.0297283278613794,wild type control_9,0.035925801969563784,644
2927_348.2754_3.75,2.027960894343897,Ctns gene knockout_9,-0.035894518735412766,2927
424_186.0765_0.44,2.0279014094949304,Ctns gene knockout_9,-0.035893465864999106,424
2611_434.2394_3.39,2.026776097518238,Ctns gene knockout_9,-0.0358735480589195,2611
630_225.1351_0.77,2.0233426499776352,wild type control_9,0.03581277669620884,630
1875_281.173_2.71,2.0220315957799992,Ctns gene knockout_9,-0.03578957128845594,1875
538_242.1868_0.6,2.018143059117084,wild type control_9,0.035720744935595954,538
230_150.0589_0.3,2.0155447183813506,wild type control_9,0.03567475480310381,230
1129_387.1634_2.09,2.015241147656985,wild type control_9,0.03566938165952709,1129
956_201.1601_1.58,2.014322158351956,wild type control_9,0.035653115725149856,956
1386_184.0374_2.29,2.0121592046570576,Ctns gene knockout_9,-0.035614831859745004,1386
3552_391.2852_4.56,2.0111760929016054,Ctns gene knockout_9,-0.03559743097029812,3552
1099_263.1396_1.99,2.004751000056342,Ctns gene knockout_9,-0.03548370805968663,1099
1946_248.1499_2.8,2.004385374780213,wild type control_9,0.0354772365624498,1946
2762_344.2805_3.54,2.003235025590064,wild type control_9,0.03545687560249577,2762
1751_369.1529_2.58,1.9999076484889737,Ctns gene knockout_9,-0.03539798166621328,1751
4803_409.2386_6.41,1.9990994743129156,wild type control_9,0.03538367713835729,4803
3441_391.2853_4.48,1.9971026127298686,Ctns gene knockout_9,-0.03534833307146497,3441
480_160.0972_0.51,1.9953320383736235,wild type control_9,0.03531699424507047,480
288_213.1238_0.35,1.9866723993257434,Ctns gene knockout_9,-0.0351637202954036,288
335_153.0662_0.38,1.986154925465665,Ctns gene knockout_9,-0.03515456110736527,335
2683_351.1422_3.41,1.976045496728325,Ctns gene knockout_9,-0.03497562615835869,2683
3411_546.3109_4.35,1.975924323583796,Ctns gene knockout_9,-0.0349734814169494,3411
2928_225.158_3.75,1.9737087488380696,wild type control_9,0.03493426616904102,2928
1022_181.0692_1.78,1.970244335544023,Ctns gene knockout_9,-0.03487294671843564,1022
2742_588.3755_3.53,1.966291860614706,wild type control_9,0.034802988670527855,2742
4265_453.3198_5.45,1.9616118813006183,wild type control_9,0.03472015393459218,4265
141_132.1022_0.3,1.9614642096873047,wild type control_9,0.03471754017536952,141
295_132.1022_0.34,1.960729051559185,wild type control_9,0.03470452801755283,295
226_123.0555_0.3,1.9555372762119745,wild type control_9,0.03461263459002656,226
1622_121.1014_2.43,1.9549161308708016,wild type control_9,0.03460164043666378,1622
282_136.076_0.33,1.9513094738320669,wild type control_9,0.03453780329906899,282
3335_833.4681_4.23,1.9510205620027146,Ctns gene knockout_9,-0.03453268961512149,3335
1113_238.1055_1.92,1.9509514367480512,Ctns gene knockout_9,-0.034531466111376655,1113
1448_340.1762_2.35,1.9439769748103712,Ctns gene knockout_9,-0.034408019473234026,1448
450_199.1081_0.49,1.943070517398221,wild type control_9,0.03439197535095631,450
3111_230.1756_3.96,1.940987136783085,Ctns gene knockout_9,-0.034355099913795976,3111
104_104.1072_0.22,1.9395418157777544,Ctns gene knockout_9,-0.03432951800930797,104
1826_230.1182_2.67,1.9384319113692878,wild type control_9,0.03430987291422978,1826
1656_233.0926_2.5,1.9337981819936687,wild type control_9,0.034227856793331256,1656
3476_299.2014_4.44,1.9329841385789979,wild type control_9,0.03421344838107793,3476
1125_237.0735_1.94,1.9302218713227213,wild type control_9,0.034164556780623904,1125
3464_375.275_4.43,1.9282248815517355,wild type control_9,0.03412921044482966,3464
1889_186.1128_2.72,1.9269486351330558,wild type control_9,0.0341066211280859,1889
2884_450.3182_3.71,1.9236931493979235,wild type control_9,0.034048999655187435,2884
3562_392.2887_4.57,1.9206189818522104,Ctns gene knockout_9,-0.0339945874794531,3562
235_315.1058_0.3,1.9139631260111025,Ctns gene knockout_9,-0.033876780108090476,235
400_173.1653_0.48,1.9124791032407815,wild type control_9,0.03385051318978765,400
372_250.1657_0.41,1.9079976229557158,wild type control_9,0.03377119184858066,372
1327_243.1344_2.23,1.9062424935097921,Ctns gene knockout_9,-0.03374012639413551,1327
213_262.1292_0.31,1.9032214587219127,wild type control_9,0.03368665465802052,213
159_101.06_0.23,1.9018254132748607,wild type control_9,0.0336619449214598,159
269_237.0853_0.33,1.9015457238260256,wild type control_9,0.033656994471878,269
2033_435.1572_2.88,1.8969683136583904,wild type control_9,0.03357597519015511,2033
4055_375.2154_5.16,1.895376197630124,wild type control_9,0.03354779504192595,4055
2738_250.1443_3.61,1.882298946020746,wild type control_9,0.03331633019750527,2738
281_165.055_0.33,1.8810539683617706,wild type control_9,0.033294294331808895,281
1392_293.1798_2.29,1.8806660368250006,wild type control_9,0.0332874280180385,1392
3151_399.2728_3.87,1.8799603031047414,wild type control_9,0.03327493666659543,3151
5185_468.3588_7.22,1.8780222758547909,wild type control_9,0.033240633956110675,5185
2229_738.4503_3.07,1.876862126049135,wild type control_9,0.03322009952714257,2229
875_215.1395_1.3,1.8755436982719107,wild type control_9,0.03319676360844569,875
2156_519.3112_2.98,1.874826885567857,wild type control_9,0.03318407616111512,2156
809_270.1554_1.14,1.8731372816559433,wild type control_9,0.0331541704960499,809
1650_278.1502_2.5,1.8719573646140208,wild type control_9,0.03313328619079251,1650
4788_361.236_6.25,1.8712850633944724,wild type control_9,0.0331213865881975,4788
1792_268.1548_2.66,1.8623888181084554,wild type control_9,0.032963924753512036,1792
287_249.1451_0.43,1.8606724166708273,Ctns gene knockout_9,-0.032933544777383174,287
3555_408.3119_4.57,1.859791265328734,Ctns gene knockout_9,-0.03291794856769012,3555
2744_571.349_3.53,1.8584828006851333,wild type control_9,0.0328947889945468,2744
2766_355.2629_3.53,1.853197455061152,wild type control_9,0.03280123939107454,2766
31_128.0195_0.2,1.8486327301122958,wild type control_9,0.03272044463529018,31
4559_388.3432_5.92,1.8480550343664457,wild type control_9,0.032710219531428164,4559
3801_542.3232_4.94,1.846139794114146,wild type control_9,0.0326763201464298,3801
4618_511.3042_6.03,1.8430498648087872,wild type control_9,0.032621628990573866,4618
4168_341.2084_5.31,1.8404427576011184,wild type control_9,0.03257548369321044,4168
419_246.1343_0.44,1.8395668526979019,Ctns gene knockout_9,-0.0325599803444789,419
4060_274.0903_5.2,1.8386891444152615,Ctns gene knockout_9,-0.03254444507627756,4060
311_185.0925_0.35,1.8375662113659177,wild type control_9,0.03252456937675559,311
1307_293.1516_2.22,1.8367431331384383,Ctns gene knockout_9,-0.03251000105004901,1307
1028_105.0337_1.78,1.8353730125235572,Ctns gene knockout_9,-0.03248575017804364,1028
2237_268.1548_3.05,1.8298437268345809,Ctns gene knockout_9,-0.032387882882224495,2237
422_128.1072_0.47,1.8273244647855138,wild type control_9,0.03234329242731392,422
1029_180.0659_1.78,1.826384781679221,Ctns gene knockout_9,-0.032326660216624725,1029
4188_510.3559_5.4,1.8255875527816485,wild type control_9,0.03231254941809792,4188
2976_337.238_3.82,1.8221416152287937,wild type control_9,0.03225155698456678,2976
3791_408.3119_4.88,1.8214964811368322,Ctns gene knockout_9,-0.03224013823491764,3791
3764_410.3275_4.83,1.8212180668480407,Ctns gene knockout_9,-0.032235210355423954,3764
366_154.0502_0.41,1.8171298453595024,Ctns gene knockout_9,-0.032162849619462953,366
427_173.1289_0.47,1.8155488530301709,wild type control_9,0.03213486635857069,427
525_100.0759_0.57,1.8115510527310967,Ctns gene knockout_9,-0.032064106060314554,525
1130_265.1191_1.96,1.8113330800871867,wild type control_9,0.03206024798633864,1130
4833_413.379_6.46,1.8104286338017608,wild type control_9,0.03204423946061808,4833
500_146.1179_0.49,1.8092125714590659,wild type control_9,0.03202271539047204,500
1955_449.1086_2.78,1.8090936410247167,Ctns gene knockout_9,-0.03202061034460263,1955
3965_437.1942_4.93,1.8087350880532234,Ctns gene knockout_9,-0.032014264025800925,3965
338_151.0618_0.42,1.8075304814944984,Ctns gene knockout_9,-0.03199294272083318,338
189_176.1033_0.25,1.8070710791538993,wild type control_9,0.03198481138754775,189
3452_309.2269_4.42,1.8039337429991724,wild type control_9,0.03192928113955371,3452
294_319.1372_0.36,1.8022422116409333,wild type control_9,0.03189934135905834,294
2301_362.1639_3.11,1.7930888124512898,wild type control_9,0.03173732794961749,2301
284_302.1218_0.3,1.7910915147592499,wild type control_9,0.03170197616367967,284
543_221.122_0.61,1.7890559147978722,wild type control_9,0.031665946434923424,543
1027_202.0477_1.78,1.788796951457183,Ctns gene knockout_9,-0.0316613628334792,1027
3521_231.1386_4.51,1.7872989120552318,wild type control_9,0.031634847823485815,3521
2036_256.1547_2.88,1.7814710836895473,Ctns gene knockout_9,-0.03153169637956879,2036
4565_602.5008_5.93,1.7792005717997985,Ctns gene knockout_9,-0.03149150875475173,4565
214_250.1293_0.34,1.7782951399593976,Ctns gene knockout_9,-0.0314754827848972,214
3443_329.1734_4.41,1.7771187641085608,wild type control_9,0.0314546611580426,3443
2576_216.16_3.29,1.777012102399376,Ctns gene knockout_9,-0.03145277326625467,2576
784_245.1615_1.16,1.7766126924623864,wild type control_9,0.03144570378700269,784
182_175.1193_0.21,1.7765648753756644,wild type control_9,0.03144485743374213,182
3133_351.2154_3.84,1.7765279578759454,Ctns gene knockout_9,-0.03144420400108028,3133
2035_227.082_2.88,1.7761121694571047,wild type control_9,0.031436844625841995,2035
3626_406.2964_4.66,1.7709441254679477,Ctns gene knockout_9,-0.03134537123880005,3626
2620_439.1949_3.39,1.7706042145938479,Ctns gene knockout_9,-0.03133935488154545,2620
3508_279.2326_4.5,1.7703790907191475,Ctns gene knockout_9,-0.031335370232156615,3508
530_214.1191_0.62,1.7699146434786726,wild type control_9,0.03132714960511132,530
392_227.0921_0.44,1.7696118534197451,wild type control_9,0.031321790279163084,392
2838_320.2959_3.64,1.7668567274523748,wild type control_9,0.03127302507815254,2838
3179_550.3426_4.02,1.7667466833722585,wild type control_9,0.03127107731904808,3179
1542_196.0966_2.4,1.764730816231026,wild type control_9,0.031235396857422375,1542
2972_580.3538_3.83,1.7626293436091325,wild type control_9,0.031198201195213653,2972
1515_335.1499_2.38,1.7598615397684734,wild type control_9,0.031149211598278336,1515
1008_326.0876_1.78,1.7591784966726043,wild type control_9,0.031137121866533436,1008
2617_462.177_3.38,1.7565964867712358,wild type control_9,0.031091420786676236,2617
5388_653.476_7.9,1.7526511001766563,wild type control_9,0.0310215882009333,5388
1545_307.0794_2.41,1.751094301025283,Ctns gene knockout_9,-0.03099403315464908,1545
2767_373.2741_3.56,1.748383296107361,wild type control_9,0.030946048887748497,2767
1472_174.1128_2.37,1.7483518385982184,wild type control_9,0.030945492095872263,1472
2836_500.2501_3.64,1.747729290172832,wild type control_9,0.0309344731081881,2836
3229_423.3226_4.1,1.7468532100331924,Ctns gene knockout_9,-0.03091896665780549,3229
2168_371.1623_2.99,1.7443787533184376,wild type control_9,0.030875169248715674,2168
4966_323.259_6.56,1.743476088807199,wild type control_9,0.030859192260056366,4966
949_224.0922_1.56,1.7387525655054765,wild type control_9,0.03077558680389411,949
209_146.1179_0.28,1.7332662469065812,wild type control_9,0.030678480017325524,209
977_390.1403_1.7,1.7274518900129772,wild type control_9,0.030575567015879625,977
386_204.0871_0.43,1.7268411913229853,Ctns gene knockout_9,-0.0305647577662384,386
365_177.1026_0.43,1.723831413010923,wild type control_9,0.03051148526758565,365
1067_134.0603_1.69,1.7237077178899045,wild type control_9,0.030509295887676376,1067
236_126.0552_0.3,1.7233818334040325,wild type control_9,0.03050352779480223,236
1238_263.1032_2.09,1.7214010546296858,wild type control_9,0.030468468390538173,1238
456_241.1187_0.49,1.7213978947026953,Ctns gene knockout_9,-0.03046841246043672,456
1951_470.2752_2.8,1.7195322011360878,Ctns gene knockout_9,-0.030435390042268844,1951
987_174.0918_1.62,1.7192564322335555,Ctns gene knockout_9,-0.030430508985604385,987
4612_356.2806_6.0,1.7186117019053724,wild type control_9,0.03041909738249665,4612
927_288.1084_1.49,1.718214910916276,wild type control_9,0.030412074258119905,927
999_197.1288_1.71,1.715334838633019,Ctns gene knockout_9,-0.030361097531290977,999
3749_337.2363_4.88,1.70924379978913,wild type control_9,0.030253287312410584,3749
2171_407.1951_3.08,1.709060772009134,Ctns gene knockout_9,-0.030250047755821255,2171
1474_227.0899_2.36,1.7087896883799356,Ctns gene knockout_9,-0.030245249627595873,1474
3396_357.2801_4.45,1.7072738220900503,wild type control_9,0.030218419085106404,3396
43_146.0302_0.2,1.7065160857942971,wild type control_9,0.03020500729805456,43
1553_226.1443_2.4,1.7047801321540574,Ctns gene knockout_9,-0.030174281251690853,1553
3989_534.3789_5.12,1.703995136374503,wild type control_9,0.03016038697700586,3989
609_319.1373_0.72,1.7031276198881913,wild type control_9,0.030145032101644088,609
5621_794.6108_8.63,1.702849128473825,wild type control_9,0.030140102857042526,5621
215_149.1077_0.3,1.7024810969137105,Ctns gene knockout_9,-0.030133588769040834,215
4581_372.2754_5.96,1.6970050614848258,wild type control_9,0.030036663992608455,4581
1887_285.1318_2.72,1.6968365409703883,wild type control_9,0.03003368121183608,1887
813_182.0646_1.17,1.6959804720195413,Ctns gene knockout_9,-0.030018528955655654,813
249_166.0727_0.31,1.6918985336295,Ctns gene knockout_9,-0.029946279429332548,249
3940_251.2377_5.05,1.691502225907906,wild type control_9,0.029939264858697863,3940
1873_244.1549_2.73,1.6814610043895617,Ctns gene knockout_9,-0.029761537164380937,1873
4470_353.2684_5.77,1.6781308796505245,Ctns gene knockout_9,-0.02970259459543396,4470
814_231.1709_1.14,1.6773740427744936,Ctns gene knockout_9,-0.029689198727938633,814
2876_417.2735_3.68,1.6715738651354268,wild type control_9,0.029586536696577535,2876
3008_315.1964_3.82,1.6677502827503754,wild type control_9,0.029518860021973306,3008
4035_272.2227_5.17,1.6670692590545508,wild type control_9,0.02950680603322174,4035
820_192.0692_1.17,1.665501215138194,wild type control_9,0.029479051956754782,820
164_116.0709_0.27,1.6640846089168344,wild type control_9,0.0294539782984337,164
268_130.0501_0.31,1.662857094493988,wild type control_9,0.029432251528666225,268
4982_802.5376_6.76,1.6600731546712575,wild type control_9,0.029382976327944173,4982
5369_643.4921_7.76,1.656393015668814,wild type control_9,0.029317838573690354,5369
1188_199.0981_2.04,1.6541274028867465,Ctns gene knockout_9,-0.029277737662139286,1188
2663_536.2668_3.36,1.6508239447026707,wild type control_9,0.029219267086098753,2663
1727_246.1341_2.62,1.6487874637693303,wild type control_9,0.0291832217643078,1727
728_229.1552_0.97,1.6478812365626094,Ctns gene knockout_9,-0.029167181716622016,728
3132_426.3224_4.08,1.6464116537270648,Ctns gene knockout_9,-0.029141170382394208,3132
4395_323.259_5.68,1.6455335519909122,Ctns gene knockout_9,-0.029125628150141192,4395
1590_228.1235_2.44,1.6449475772039777,Ctns gene knockout_9,-0.02911525650884043,1590
1142_203.0918_1.97,1.6446038013016533,wild type control_9,0.029109171741327815,1142
3262_407.2802_4.2,1.6437693354817395,wild type control_9,0.029094401856420028,3262
2268_576.3517_3.09,1.6432154837298352,Ctns gene knockout_9,-0.02908459878667602,2268
4509_325.2939_5.8,1.6428266359530002,Ctns gene knockout_9,-0.02907771625563227,4509
5096_756.5553_7.01,1.63959165651289,wild type control_9,0.029020457740221266,5096
916_238.1055_1.47,1.63875673236961,Ctns gene knockout_9,-0.029005679743077828,916
1380_256.0701_2.29,1.6381431457631268,wild type control_9,0.028994819377868797,1380
1191_605.8627_2.06,1.637882489220771,Ctns gene knockout_9,-0.028990205807079936,1191
1984_247.1083_2.82,1.6372719062329197,wild type control_9,0.0289793986053444,1984
3858_293.2119_5.03,1.6356124902000486,wild type control_9,0.028950027259946238,3858
2199_694.424_3.03,1.6338164829988413,Ctns gene knockout_9,-0.028918238277075577,2199
242_274.1039_0.3,1.631391851845525,Ctns gene knockout_9,-0.028875322770863448,242
601_305.0873_0.71,1.6312525786886896,wild type control_9,0.028872857662709084,601
889_175.0345_1.4,1.6305598056067387,wild type control_9,0.02886059571207738,889
1735_267.1213_2.51,1.628178217899582,wild type control_9,0.028818442066603746,1735
1042_330.251_1.81,1.627353843859746,wild type control_9,0.028803850804267072,1042
2466_630.3547_3.25,1.6266436297196671,Ctns gene knockout_9,-0.02879128015025283,2466
2198_488.344_3.02,1.6256201188334345,wild type control_9,0.028773164203942304,2198
2072_498.9388_2.9,1.6252329803077383,Ctns gene knockout_9,-0.02876631192631577,2072
390_226.0691_0.44,1.6250595371761343,Ctns gene knockout_9,-0.028763242016164026,390
1619_243.1709_2.46,1.625035570372219,wild type control_9,0.028762817808333112,1619
1449_436.2542_2.37,1.6247987307629412,Ctns gene knockout_9,-0.0287586257926901,1449
2641_414.2893_3.41,1.6240975579670895,wild type control_9,0.028746215168733956,2641
3067_466.3178_3.94,1.6230849736658404,wild type control_9,0.028728292620881214,3067
421_174.1322_0.48,1.6230774581130734,wild type control_9,0.02872815959703921,421
1470_182.1292_2.36,1.6228114965134584,Ctns gene knockout_9,-0.028723452127754713,1470
4208_350.2676_5.37,1.6222375113767686,wild type control_9,0.028713292700962893,4208
1794_193.05_2.64,1.6221368710710278,wild type control_9,0.028711511386860622,1794
1571_413.7329_2.47,1.621720976354954,Ctns gene knockout_9,-0.028704150130181707,1571
2672_604.4283_3.44,1.6213488832095742,wild type control_9,0.02869756415290009,2672
3553_413.2673_4.57,1.6212510216424971,Ctns gene knockout_9,-0.02869583202193902,3553
2134_436.1611_2.96,1.6210447612206718,Ctns gene knockout_9,-0.028692181252046846,2134
2523_794.4427_3.3,1.6208847905789128,Ctns gene knockout_9,-0.02868934980238046,2523
3268_426.3224_4.16,1.6205628024376304,Ctns gene knockout_9,-0.028683650674057978,3268
607_243.1345_0.72,1.6203227655451349,Ctns gene knockout_9,-0.028679402067115455,607
1383_549.811_2.32,1.6197749607423362,Ctns gene knockout_9,-0.02866970602721042,1383
100_156.0771_0.22,1.61790815518781,wild type control_9,0.028636663927069737,100
4117_554.0609_5.26,1.6178685765529388,wild type control_9,0.028635963392826265,4117
4036_457.3687_5.17,1.616426986051366,Ctns gene knockout_9,-0.028610447517539012,4036
5201_794.6094_7.16,1.6154156767996344,wild type control_9,0.02859254753781809,5201
2703_515.3358_3.52,1.6152927915855115,Ctns gene knockout_9,-0.028590372493105476,2703
2313_344.1531_3.12,1.6151308815271428,Ctns gene knockout_9,-0.028587506716137204,2313
2073_747.9076_2.9,1.61483081672063,Ctns gene knockout_9,-0.028582195626633822,2073
1247_390.7534_2.13,1.6145514103760075,Ctns gene knockout_9,-0.02857725018794227,1247
1345_182.1292_2.32,1.6144777725063701,Ctns gene knockout_9,-0.028575946811778212,1345
475_269.1868_0.55,1.6137462032876502,wild type control_9,0.028562998176969306,475
3130_967.7852_3.97,1.612957176683193,wild type control_9,0.028549032557456912,3130
772_574.2844_0.98,1.6123995940358034,Ctns gene knockout_9,-0.02853916345157864,772
3622_389.2695_4.66,1.6120936558355552,Ctns gene knockout_9,-0.028533748404133044,3622
2069_499.2733_2.9,1.6115427597053085,Ctns gene knockout_9,-0.0285239976483253,2069
1085_250.1094_1.88,1.6115394667709877,wild type control_9,0.028523939364019618,1085
362_328.1613_0.39,1.6112466337794762,Ctns gene knockout_9,-0.028518756276254234,362
2191_526.817_3.01,1.6107453573853419,Ctns gene knockout_9,-0.02850988378025539,2191
1923_357.2368_2.76,1.6099277982523557,wild type control_9,0.028495413140462417,1923
257_137.0461_0.31,1.6093260328539891,Ctns gene knockout_9,-0.028484762008368976,257
1296_454.236_2.21,1.6085034624575494,Ctns gene knockout_9,-0.028470202670174367,1296
1992_238.1443_2.84,1.6068703686694292,Ctns gene knockout_9,-0.028441297223457982,1992
1475_336.6956_2.37,1.606788914606717,Ctns gene knockout_9,-0.028439855502176148,1475
3140_427.3259_4.16,1.605091539329585,Ctns gene knockout_9,-0.02840981228543762,3140
1165_195.1132_2.03,1.6049781378250716,Ctns gene knockout_9,-0.028407805100565498,1165
3360_372.2213_4.3,1.6049271997857602,wild type control_9,0.028406903507042905,3360
537_242.1004_0.61,1.6045285787063277,wild type control_9,0.028399847990418337,537
1355_227.1284_2.4,1.6041506313324416,Ctns gene knockout_9,-0.02839315839441538,1355
2915_405.2646_3.74,1.6027335562040792,wild type control_9,0.028368076436530318,2915
460_303.0717_0.5,1.6024891459533994,Ctns gene knockout_9,-0.02836375042198703,460
1915_393.2379_2.75,1.602159328364203,Ctns gene knockout_9,-0.028357912713938664,1915
3327_797.4705_4.24,1.6014302442884218,Ctns gene knockout_9,-0.028345008065682967,3327
1337_269.1754_2.24,1.6011911400738776,wild type control_9,0.028340775966961232,1337
1838_751.7514_2.57,1.5992960494136292,Ctns gene knockout_9,-0.02830723322587618,1838
410_183.1132_0.43,1.5991487519181156,Ctns gene knockout_9,-0.028304626088466806,410
1012_245.1866_1.8,1.5986143209880663,Ctns gene knockout_9,-0.028295166763543458,1012
334_218.1393_0.37,1.5974493065944873,wild type control_9,0.028274546232302456,334
454_169.0975_0.5,1.5960486020709572,Ctns gene knockout_9,-0.028249754030981983,454
3090_407.2803_3.93,1.5960319222561345,wild type control_9,0.02824945880145989,3090
186_147.0767_0.25,1.5957133615805221,wild type control_9,0.028243820338622154,186
406_298.1152_0.45,1.5949673093750645,wild type control_9,0.028230615357726772,406
1153_415.7306_1.99,1.5936865427270253,Ctns gene knockout_9,-0.028207946033790617,1153
412_275.1243_0.49,1.5932638328987396,Ctns gene knockout_9,-0.028200464150933136,412
1732_318.1809_2.57,1.593191343385554,Ctns gene knockout_9,-0.02819918110045794,1732
307_276.1448_0.36,1.5929876936773895,Ctns gene knockout_9,-0.028195576539696652,307
2849_395.2415_3.83,1.5918816132524898,Ctns gene knockout_9,-0.028175999128393917,2849
3690_317.2696_4.75,1.5917458236917528,wild type control_9,0.02817359567922212,3690
4280_330.3012_5.53,1.5886445591709684,wild type control_9,0.02811870389222798,4280
2167_326.2545_2.99,1.5882473305680291,Ctns gene knockout_9,-0.028111673022170176,2167
4098_214.217_5.24,1.5861210207763172,wild type control_9,0.02807403774682105,4098
842_244.0982_1.25,1.5858758511393292,wild type control_9,0.028069698291285805,842
1205_176.0379_2.05,1.5857754886072257,Ctns gene knockout_9,-0.028067921893723615,1205
2031_316.1398_2.87,1.5855830354485165,Ctns gene knockout_9,-0.028064515509739464,2031
4608_307.2275_5.99,1.5854027986687873,wild type control_9,0.02806132535331937,4608
816_172.0972_1.01,1.5853482049852927,wild type control_9,0.028060359055596125,816
1492_538.2232_2.39,1.5786347554191165,wild type control_9,0.027941532286350004,1492
3267_373.2748_4.17,1.578226327832072,Ctns gene knockout_9,-0.02793430319642223,3267
4622_300.2538_6.03,1.577967296687919,wild type control_9,0.027929718394869695,4622
3385_560.3366_4.32,1.5760887924284612,wild type control_9,0.02789646922989629,3385
449_258.2184_0.52,1.5759924978608766,Ctns gene knockout_9,-0.027894764834525586,449
1892_582.9644_2.73,1.575189506438876,Ctns gene knockout_9,-0.02788055204042203,1892
4364_510.3658_5.54,1.5744691725066973,wild type control_9,0.02786780226802925,4364
913_283.0752_1.47,1.5735581760951043,wild type control_9,0.027851677806332274,913
3705_617.9378_4.79,1.573309557489679,wild type control_9,0.02784727730471742,3705
737_204.0871_0.96,1.5731909961897519,Ctns gene knockout_9,-0.027845178792456463,737
1809_208.0973_2.65,1.5718435968793967,Ctns gene knockout_9,-0.027821330083181783,1809
1236_356.1048_2.07,1.5698593123081612,Ctns gene knockout_9,-0.02778620862698544,1236
440_297.1063_0.49,1.5695203383930347,Ctns gene knockout_9,-0.027780208853724887,440
1576_227.1286_2.47,1.5686547963205555,Ctns gene knockout_9,-0.02776488892510913,1576
259_158.0928_0.31,1.5679972859549665,wild type control_9,0.027753251117791353,259
535_203.1395_0.59,1.565110262647679,Ctns gene knockout_9,-0.027702151359170746,535
1981_131.0494_2.83,1.5648604320610364,Ctns gene knockout_9,-0.027697729405720888,1981
1847_203.1436_2.7,1.564717856935092,wild type control_9,0.027695205853346828,1847
2482_334.1662_3.28,1.5641211426644321,wild type control_9,0.027684644125244667,2482
1294_297.1915_2.18,1.5632891155982809,wild type control_9,0.02766991740581056,1294
388_205.0163_0.44,1.5607536462117788,Ctns gene knockout_9,-0.027625040084137003,388
1287_406.208_2.26,1.5590374450119533,Ctns gene knockout_9,-0.02759466365217883,1287
3623_411.2514_4.66,1.5587275475007067,Ctns gene knockout_9,-0.027589178525688214,3623
1204_224.0415_2.05,1.5577927917511292,Ctns gene knockout_9,-0.02757263352826749,1204
1241_338.0878_2.1,1.5573720492756882,Ctns gene knockout_9,-0.02756518646717789,1241
1147_324.2179_1.98,1.5572682591743288,wild type control_9,0.027563349402297505,1147
2750_314.2332_3.54,1.5556566601742146,Ctns gene knockout_9,-0.027534824409204732,2750
2899_449.3749_3.7,1.5555253438931425,wild type control_9,0.027532500136224738,2899
3245_424.3069_4.15,1.55462782827339,Ctns gene knockout_9,-0.02751661428195685,3245
3618_480.3098_4.65,1.5532101504232032,wild type control_9,0.027491521656011132,3618
2104_471.2821_2.93,1.5526099594953446,Ctns gene knockout_9,-0.027480898391743593,2104
873_178.1344_1.33,1.5525610064137023,wild type control_9,0.027480031931590904,873
4820_834.6007_6.54,1.5520270095440125,wild type control_9,0.02747058028945264,4820
4041_439.3582_5.17,1.551088667721528,wild type control_9,0.027453971819229508,4041
1979_206.0816_2.83,1.5506230512414358,Ctns gene knockout_9,-0.027445730496867323,1979
2083_269.1371_2.91,1.5501423355955297,Ctns gene knockout_9,-0.027437221922167236,2083
2184_372.1595_3.0,1.549641033543502,wild type control_9,0.027428348972028605,2184
3769_483.3457_4.82,1.5476906118985736,Ctns gene knockout_9,-0.027393826883130787,3769
2913_422.2909_3.75,1.5470232211583679,wild type control_9,0.027382014195077988,2913
1495_531.3164_2.4,1.5463743186290948,Ctns gene knockout_9,-0.02737052874481146,1495
2959_351.2154_3.8,1.5461911374943693,wild type control_9,0.02736728647387285,2959
1798_220.0644_2.65,1.543522310767727,Ctns gene knockout_9,-0.027320048752865398,1798
4214_310.2748_5.37,1.5426455684380116,wild type control_9,0.0273045305818455,4214
3266_834.6113_4.17,1.5414531053313745,wild type control_9,0.02728342421364981,3266
4546_450.3961_5.88,1.5412671002018823,Ctns gene knockout_9,-0.02728013195854565,4546
1043_118.0653_1.79,1.5408856895300689,Ctns gene knockout_9,-0.02727338106283387,1043
1098_381.7223_1.87,1.5401915576453182,Ctns gene knockout_9,-0.027261095061653313,1098
119_203.053_0.22,1.5395903836622273,Ctns gene knockout_9,-0.02725045439749678,119
1201_134.0272_2.05,1.5392855274935962,Ctns gene knockout_9,-0.027245058501803195,1201
1268_151.0757_2.15,1.5392599703664938,wild type control_9,0.027244606145557,1268
2247_415.2789_3.07,1.5379780847727738,wild type control_9,0.027221917016496986,2247
4479_414.3223_5.78,1.5370770330423373,Ctns gene knockout_9,-0.027205968573748438,4479
547_297.1452_0.62,1.5364559445807946,Ctns gene knockout_9,-0.027194975427144198,547
2119_415.2237_2.94,1.5343111137456638,wild type control_9,0.027157012332880093,2119
3237_295.2113_4.14,1.5310665061992759,wild type control_9,0.027099583401835263,3237
3629_544.388_4.67,1.530540677496821,Ctns gene knockout_9,-0.027090276334689876,3629
2862_498.3258_3.67,1.5301988550040557,Ctns gene knockout_9,-0.02708422614215166,2862
4310_381.2617_5.58,1.5293137060991695,wild type control_9,0.027068559176364165,4310
2193_532.2954_3.01,1.527266123585426,Ctns gene knockout_9,-0.027032317358730077,2193
545_273.0602_0.6,1.5265773956561899,wild type control_9,0.0270201270065253,545
1977_274.2018_2.83,1.5264167079464492,Ctns gene knockout_9,-0.02701728286489322,1977
1476_297.0164_2.37,1.5258394994280329,wild type control_9,0.027007066384863294,1476
2579_473.321_3.35,1.5258297702605157,Ctns gene knockout_9,-0.027006894180464924,2579
3364_388.1929_4.31,1.525518895918695,Ctns gene knockout_9,-0.027001391764260564,3364
1181_200.1284_2.14,1.5251603300916972,wild type control_9,0.026995045217918897,1181
546_178.0536_0.62,1.525022261754342,Ctns gene knockout_9,-0.026992601434838174,546
1720_358.2822_2.57,1.5248157625618066,Ctns gene knockout_9,-0.02698894643875024,1720
4866_485.3611_6.65,1.5247626193003578,wild type control_9,0.02698800581321892,4866
437_131.1182_0.43,1.5228570542488726,wild type control_9,0.026954277677418644,437
4293_388.3432_5.5,1.5218607463747844,wild type control_9,0.026936643219203773,4293
1393_402.2343_2.3,1.5209959452419157,Ctns gene knockout_9,-0.026921336405076962,1393
2409_486.2613_3.21,1.5203882634022101,wild type control_9,0.02691058055310698,2409
1182_267.1443_1.99,1.517924587194457,wild type control_9,0.02686697395692269,1182
271_215.1397_0.34,1.5165597977493466,Ctns gene knockout_9,-0.0268428174455994,271
2436_255.0658_3.24,1.5100218736313171,Ctns gene knockout_9,-0.026727097443108302,2436
553_158.0816_0.57,1.509522311144687,wild type control_9,0.026718255282943446,553
2500_310.2017_3.2,1.508999831705989,Ctns gene knockout_9,-0.026709007497123946,2500
2398_601.0395_3.2,1.5061414339967558,wild type control_9,0.026658414406096658,2398
2174_392.2552_2.99,1.5053338166315418,Ctns gene knockout_9,-0.026644119733685773,2174
2680_233.1179_3.53,1.50404476067616,Ctns gene knockout_9,-0.026621303690600083,2680
2355_403.1036_3.16,1.5036244131287975,Ctns gene knockout_9,-0.026613863619661702,2355
2671_248.1684_3.44,1.5030755672845952,Ctns gene knockout_9,-0.026604149153523562,2671
5064_601.5418_6.86,1.5022751979034794,wild type control_9,0.026589982769040586,5064
356_232.1296_0.4,1.501054769466268,wild type control_9,0.026568381419859302,356
5071_461.3628_6.97,1.5010258636151692,Ctns gene knockout_9,-0.02656786979184087,5071
3412_392.3171_4.34,1.4998865127451686,wild type control_9,0.026547703500043277,3412
5628_768.5944_8.64,1.4998244372705773,Ctns gene knockout_9,-0.02654660477605312,5628
2106_252.1599_2.94,1.4979231522505125,Ctns gene knockout_9,-0.026512952395987794,2106
1635_431.0981_2.48,1.4978854337315608,Ctns gene knockout_9,-0.026512284785439204,1635
4020_418.3537_5.16,1.4970244702469657,wild type control_9,0.026497045896950528,4020
1498_796.9722_2.4,1.4969604494498423,Ctns gene knockout_9,-0.026495912741124786,1498
166_136.0621_0.27,1.4959125361199768,Ctns gene knockout_9,-0.02647736487624393,166
1235_284.1711_2.01,1.4950769893528417,wild type control_9,0.026462575858777725,1235
2844_270.1704_3.71,1.49382435959205,Ctns gene knockout_9,-0.026440404552347366,2844
3015_347.2226_3.81,1.4927677862558049,Ctns gene knockout_9,-0.026421703407015145,3015
66_362.9273_0.21,1.4912845895745732,Ctns gene knockout_9,-0.0263954511103307,66
3614_418.3174_4.64,1.4902385996322705,wild type control_9,0.026376937289040676,3614
2660_493.4012_3.43,1.486039460947834,wild type control_9,0.02630261333999339,2660
592_232.1549_0.7,1.485668888790474,Ctns gene knockout_9,-0.026296054283907907,592
974_241.1074_1.65,1.485208691260194,Ctns gene knockout_9,-0.02628790887591769,974
4219_521.3857_5.38,1.4851971735684468,wild type control_9,0.026287705014983606,4219
533_209.1025_0.6,1.484916515965304,wild type control_9,0.026282737429256315,533
1138_245.1615_1.97,1.4844296818798315,wild type control_9,0.026274120559349814,1138
4495_550.3881_5.78,1.484380637687009,wild type control_9,0.026273252486546713,4495
428_166.0478_0.48,1.481237068871406,Ctns gene knockout_9,-0.026217611921650997,428
2764_338.2333_3.55,1.480108294111618,Ctns gene knockout_9,-0.026197632824974983,2764
899_227.1759_1.41,1.479908633666222,wild type control_9,0.0261940988733993,899
651_139.0756_0.8,1.4796951269572107,wild type control_9,0.026190319845614242,651
2329_229.144_2.98,1.479639802479027,Ctns gene knockout_9,-0.026189340612965215,2329
4321_346.3045_5.54,1.4787608715762641,wild type control_9,0.026173783704622283,4321
4134_539.0508_5.29,1.4775273863330363,wild type control_9,0.026151951252479648,4134
3584_396.3119_4.62,1.4769279885949713,wild type control_9,0.026141342027519276,3584
1891_416.2651_2.73,1.4763836327107291,wild type control_9,0.026131707032810966,1891
4490_394.2727_5.79,1.4754060817226806,wild type control_9,0.02611440456788021,4490
208_160.1336_0.27,1.4753904061128524,Ctns gene knockout_9,-0.02611412711259385,208
4880_812.5118_6.54,1.4728791717403396,wild type control_9,0.026069678746018055,4880
3249_389.2178_4.16,1.47266169531947,wild type control_9,0.02606582945509475,3249
1074_588.6737_1.87,1.4697665277756076,Ctns gene knockout_9,-0.026014585545049356,1074
4183_390.3222_5.4,1.467817752403721,Ctns gene knockout_9,-0.025980092594868522,4183
477_182.0794_0.51,1.4672102511599892,wild type control_9,0.025969339939412618,477
2279_385.2132_3.08,1.4653101088358358,Ctns gene knockout_9,-0.025935707784845684,2279
2434_277.0478_3.24,1.463986437432969,Ctns gene knockout_9,-0.025912279054980995,2434
709_301.1267_0.9,1.4630808525984174,Ctns gene knockout_9,-0.02589625037715936,709
4748_466.3907_6.28,1.4630521620425248,wild type control_9,0.02589574255982477,4748
2138_392.2288_2.96,1.4625719523275653,Ctns gene knockout_9,-0.025887242940005366,2138
1051_193.1705_1.84,1.4617357607864057,wild type control_9,0.02587244251016263,1051
2621_442.3175_3.39,1.460227019435762,wild type control_9,0.025845738077730718,2621
1657_255.0747_2.5,1.4599388471567623,wild type control_9,0.025840637483682562,1657
3951_363.2517_5.1,1.458646617421268,Ctns gene knockout_9,-0.025817765265297818,3951
969_226.0716_1.51,1.458179710052266,wild type control_9,0.025809501094449606,969
2492_286.0799_3.3,1.457344499520561,wild type control_9,0.025794718028286,2492
3215_341.1372_4.1,1.4561830505214977,Ctns gene knockout_9,-0.025774160603843847,3215
3647_615.3659_4.7,1.4555194072540532,wild type control_9,0.025762414245339916,3647
488_255.1458_0.51,1.454980663064207,wild type control_9,0.02575287857654573,488
712_276.1453_0.91,1.4510948810724111,wild type control_9,0.025684100980836042,712
3342_328.2491_4.34,1.4506582553762173,wild type control_9,0.025676372789786548,3342
322_160.0972_0.42,1.4499120116965198,wild type control_9,0.025663164419833857,322
329_182.1293_0.39,1.4486246403412262,wild type control_9,0.02564037819384651,329
4631_300.2905_6.05,1.4485523814706112,wild type control_9,0.025639099225700564,4631
1925_234.1495_2.77,1.448356932732056,Ctns gene knockout_9,-0.025635639820527887,1925
4604_321.2423_6.01,1.4459096038244568,wild type control_9,0.025592322568419847,4604
1407_195.1132_2.31,1.4457188355905402,Ctns gene knockout_9,-0.02558894600728125,1407
4084_371.2591_5.24,1.4455249411773603,wild type control_9,0.025585514113369495,4084
518_128.1072_0.53,1.4452956477307688,wild type control_9,0.025581455663358184,518
4672_480.3697_6.12,1.4427872091276288,wild type control_9,0.02553705678136388,4672
4146_382.2938_5.31,1.442442551675905,wild type control_9,0.025530956410596026,4146
3653_361.2959_4.57,1.441951847518106,Ctns gene knockout_9,-0.025522271041151876,3653
2784_503.316_3.6,1.441639212619351,wild type control_9,0.025516737463427572,2784
4913_832.5845_6.57,1.4414305599297614,wild type control_9,0.025513044350854962,4913
2833_163.1121_3.71,1.4382582251460028,wild type control_9,0.025456894633842066,2833
1910_372.2389_2.75,1.4352403886415774,Ctns gene knockout_9,-0.025403479506730577,1910
1454_222.1342_2.32,1.4346764765916566,wild type control_9,0.0253934983716419,1454
4154_342.3013_5.45,1.434530955988693,wild type control_9,0.025390922684889735,4154
3184_314.2333_4.05,1.4338757326434992,wild type control_9,0.025379325357394154,3184
3658_249.1492_4.71,1.4338321007804633,Ctns gene knockout_9,-0.025378553081789837,3658
4129_682.4862_5.28,1.4305482313615412,wild type control_9,0.02532042922313413,4129
1954_328.1555_2.79,1.4289223856225632,Ctns gene knockout_9,-0.025291652065496918,1954
2931_420.26_3.76,1.4285697518683635,Ctns gene knockout_9,-0.02528541051570562,2931
2343_537.3916_3.15,1.426540730744455,Ctns gene knockout_9,-0.02524949723111033,2343
3440_684.1661_4.42,1.4254205130866606,Ctns gene knockout_9,-0.025229669593497796,3440
3797_485.1611_4.89,1.4241972836149248,wild type control_9,0.025208018666542847,3797
3036_211.1697_3.87,1.4223621769920851,Ctns gene knockout_9,-0.0251755376314111,3036
1037_229.1052_1.78,1.4222201386481688,Ctns gene knockout_9,-0.02517302357997595,1037
2953_349.2788_3.75,1.4210754315956153,wild type control_9,0.025152762484774834,2953
941_265.0485_1.55,1.42049183570654,wild type control_9,0.025142432949509755,941
4379_313.2172_5.59,1.4193088214314806,Ctns gene knockout_9,-0.025121493823820097,4379
502_222.08_0.53,1.418353304569355,Ctns gene knockout_9,-0.025104581358690606,502
2872_395.2916_3.69,1.4174242252436258,wild type control_9,0.02508813683288289,2872
2058_255.0658_2.9,1.4152872876944502,Ctns gene knockout_9,-0.02505031344826575,2058
5590_430.38_8.53,1.4150314404584021,wild type control_9,0.025045785001275796,5590
3227_217.1595_4.12,1.414798936694861,wild type control_9,0.025041669729270428,3227
1382_196.0948_2.35,1.4141716666375017,wild type control_9,0.025030567169606263,1382
1185_307.1773_2.03,1.4138214730002525,wild type control_9,0.02502436880941681,1185
979_188.0744_1.64,1.4122629707032668,wild type control_9,0.02499678361778202,979
115_238.0935_0.29,1.4113293526332207,wild type control_9,0.024980258757070724,115
4007_621.3049_5.14,1.4075948055753245,wild type control_9,0.024914157990674382,4007
2681_392.2653_3.45,1.4074599764567133,Ctns gene knockout_9,-0.02491177154114394,2681
1670_463.0879_2.51,1.406549436669318,wild type control_9,0.02489565516160765,1670
4992_308.2956_6.73,1.4063468799023022,wild type control_9,0.024892069945695,4992
654_192.0694_0.85,1.4057645471589701,wild type control_9,0.024881762767867226,654
1604_196.0948_2.4,1.405588301140278,wild type control_9,0.024878643247151798,1604
1728_433.1139_2.55,1.4044414230069273,Ctns gene knockout_9,-0.024858343724237127,1728
1254_147.0443_2.14,1.4038468859466091,wild type control_9,0.024847820532340272,1254
2815_229.1441_3.54,1.4029891079026444,wild type control_9,0.024832638025539578,2815
834_258.0977_1.13,1.4024040239097526,Ctns gene knockout_9,-0.024822282151122466,834
1997_275.126_2.85,1.4015382729024153,wild type control_9,0.02480695852439981,1997
3729_304.3006_4.8,1.3979948427206406,Ctns gene knockout_9,-0.024744240490042205,3729
3996_377.2311_5.13,1.3967578984431317,wild type control_9,0.024722346813656464,3996
2893_333.2645_3.71,1.3959960448289674,Ctns gene knockout_9,-0.02470886215085871,2893
1585_255.1323_2.46,1.3956273274634021,Ctns gene knockout_9,-0.024702335924232113,1585
3774_316.3219_4.86,1.395501117272895,wild type control_9,0.024700102028075443,3774
922_195.0632_1.47,1.3946811096147782,wild type control_9,0.024685588049857446,922
673_152.1285_0.81,1.3925320353261914,Ctns gene knockout_9,-0.02464754984728134,673
1402_132.1021_2.31,1.3924596013853572,wild type control_9,0.0246462677804261,1402
4376_330.2439_5.59,1.3908193904598984,wild type control_9,0.024617236361744357,4376
4333_327.2903_5.54,1.3900812458932323,wild type control_9,0.024604171344538385,4333
3560_381.2622_4.57,1.389793473765509,wild type control_9,0.024599077833091048,3560
1070_390.6992_1.86,1.3886389295964305,Ctns gene knockout_9,-0.02457864262281484,1070
2698_382.2059_3.47,1.3879235498438796,wild type control_9,0.024565980538450938,2698
116_220.0822_0.24,1.3878912130141228,wild type control_9,0.02456540818276854,116
5471_656.5629_8.08,1.3875305476122901,wild type control_9,0.02455902447435513,5471
4385_279.2327_5.59,1.3847628537015424,wild type control_9,0.024510036823158155,4385
698_199.0401_0.89,1.3779895571193972,wild type control_9,0.024390150773211924,698
888_231.1709_1.22,1.375514641703737,Ctns gene knockout_9,-0.024346345245204088,888
3501_968.887_4.49,1.3748398163654905,Ctns gene knockout_9,-0.024334400966192406,3501
2319_251.1634_3.07,1.3745695974985612,wild type control_9,0.02432961814409327,2319
4792_371.2591_6.38,1.3727728021633463,wild type control_9,0.024297815211401886,4792
290_313.1378_0.34,1.372338762944308,wild type control_9,0.024290132800501792,290
5435_402.3499_8.02,1.3720318281794972,wild type control_9,0.024284700114054644,5435
3554_373.2748_4.57,1.371756667390291,Ctns gene knockout_9,-0.024279829820879385,3554
522_223.1448_0.58,1.3692127264868605,Ctns gene knockout_9,-0.024234802554981585,522
444_190.1077_0.48,1.3690944821210183,wild type control_9,0.024232709652393113,444
3603_282.2799_4.63,1.3682997470190086,wild type control_9,0.0242186429935693,3603
402_217.1553_0.45,1.3675001697692626,wild type control_9,0.024204490629659587,402
1766_181.1705_2.65,1.3646494357284402,wild type control_9,0.024154033184092778,1766
3565_249.1853_4.6,1.3644049037469703,wild type control_9,0.02414970501493786,3565
4882_674.4645_6.53,1.364259395052867,Ctns gene knockout_9,-0.02414712953897024,4882
117_151.1444_0.22,1.3640300202053746,wild type control_9,0.0241430696481786,117
2128_270.1705_2.95,1.3633063584187588,Ctns gene knockout_9,-0.024130260973400784,2128
2556_658.4116_3.33,1.3626511516894444,Ctns gene knockout_9,-0.02411866394000308,2556
4463_323.259_5.74,1.3624125437233015,wild type control_9,0.024114440624782837,4463
688_266.0335_0.87,1.3617769431685975,wild type control_9,0.024103190616914006,688
534_215.1396_0.5,1.3615385612348967,Ctns gene knockout_9,-0.02409897130242462,534
3862_624.4439_4.96,1.3614068792486764,wild type control_9,0.02409664055653367,3862
1068_589.008_1.87,1.3602017620689866,Ctns gene knockout_9,-0.02407531021367282,1068
1202_246.0234_2.05,1.3597261379842431,Ctns gene knockout_9,-0.02406689175862842,1202
2144_483.1905_2.97,1.3585146233763634,wild type control_9,0.024045448182516055,2144
2483_517.3035_3.25,1.3583159939332603,Ctns gene knockout_9,-0.024041932479483146,2483
1277_316.2605_2.17,1.3582800426767447,wild type control_9,0.024041296149140603,1277
4026_680.4239_5.15,1.3576822200960104,wild type control_9,0.024030714804162762,4026
4467_674.4888_5.76,1.3572951668496755,wild type control_9,0.02402386403596456,4467
3954_358.2962_5.08,1.356684111366042,wild type control_9,0.024013048471144334,3954
3346_319.2277_4.28,1.3566571404681584,wild type control_9,0.024012571091426564,3346
369_287.1243_0.41,1.356081265685694,Ctns gene knockout_9,-0.02400237821826709,369
564_295.1775_0.75,1.3557229371758375,wild type control_9,0.023996035872393285,564
1944_389.2178_2.79,1.3556227106804886,Ctns gene knockout_9,-0.023994261882655556,1944
4348_452.3381_5.56,1.3526397249393565,wild type control_9,0.023941463607367718,4348
660_146.0603_0.81,1.3523948991458374,Ctns gene knockout_9,-0.023937130237795902,660
2758_273.0766_3.59,1.3521568308290657,wild type control_9,0.023932916474265993,2758
838_130.0865_1.22,1.3504955269654735,wild type control_9,0.023903511714626277,838
1786_371.1686_2.62,1.3491055733539614,Ctns gene knockout_9,-0.023878909802385797,1786
3168_395.2416_3.91,1.3470887913915994,Ctns gene knockout_9,-0.02384321314860162,3168
1163_310.148_2.0,1.3437263563413622,Ctns gene knockout_9,-0.02378369869334562,1163
3371_391.2853_4.34,1.342634377371381,Ctns gene knockout_9,-0.023764370875089365,3371
4016_496.341_5.15,1.3417573890416328,Ctns gene knockout_9,-0.02374884834991608,4016
3625_262.2536_4.66,1.341468583970349,Ctns gene knockout_9,-0.023743736555565914,3625
1169_240.1228_2.01,1.3414331393063985,Ctns gene knockout_9,-0.023743109191814573,1169
326_207.0745_0.35,1.3413102846590466,wild type control_9,0.02374093468812794,326
4450_343.2853_5.68,1.3403812186449264,Ctns gene knockout_9,-0.02372449039793315,4450
3627_415.3219_4.65,1.3391916646798996,wild type control_9,0.023703435520985805,3627
1860_302.1427_2.69,1.3387707019093025,Ctns gene knockout_9,-0.023695984560714208,1860
4314_325.2747_5.52,1.3375789917685104,wild type control_9,0.02367489151986951,4314
1157_185.0812_2.0,1.3361706463858973,Ctns gene knockout_9,-0.023649964076809277,1157
1971_207.085_2.83,1.3361303695377331,Ctns gene knockout_9,-0.023649251184324482,1971
4816_369.2987_6.43,1.333603508158865,wild type control_9,0.023604526222734474,4816
810_214.0513_1.17,1.3334902486846647,wild type control_9,0.023602521551771644,810
2375_586.364_3.18,1.3329797154432268,wild type control_9,0.02359348521135159,2375
759_285.0045_1.03,1.3322220521210884,wild type control_9,0.023580074715918727,759
1056_149.1176_1.79,1.3318857923155618,wild type control_9,0.023574122981877353,1056
79_272.9447_0.2,1.3294895351380025,wild type control_9,0.02353170968959215,79
4185_377.2312_5.26,1.329159307079523,wild type control_9,0.023525864716316226,4185
5292_473.3995_7.57,1.3285278239990337,wild type control_9,0.02351468758695099,5292
1772_416.2864_2.61,1.3283977306404915,wild type control_9,0.02351238495946514,1772
3038_303.1712_3.89,1.3282109125081545,Ctns gene knockout_9,-0.023509078314366615,3038
972_312.1659_1.72,1.3249024264111002,wild type control_9,0.023450518745231044,972
2377_211.1697_3.16,1.324583468856625,wild type control_9,0.023444873257713585,2377
4894_532.3858_6.56,1.323829903595595,wild type control_9,0.02343153529717606,4894
2078_253.1792_2.94,1.3235396579484526,wild type control_9,0.02342639800490959,2078
1017_210.1131_1.78,1.3233519308454664,wild type control_9,0.023423075271204973,1017
4845_299.2589_6.49,1.3230307787896067,Ctns gene knockout_9,-0.023417390941434055,4845
2054_243.0882_2.9,1.3223084050261575,Ctns gene knockout_9,-0.02340460506441916,2054
2949_726.9305_3.78,1.3223078433432847,wild type control_9,0.023404595122740075,2949
2504_285.0765_3.3,1.321291753794938,Ctns gene knockout_9,-0.02338661053268624,2504
895_213.0739_1.43,1.3207042368134974,wild type control_9,0.023376211594838617,895
308_269.089_0.38,1.31998543980581,wild type control_9,0.023363489025714453,308
2158_317.0665_2.98,1.3195480400313702,wild type control_9,0.023355747133628525,2158
331_136.0396_0.37,1.3186742024697546,Ctns gene knockout_9,-0.023340280376446667,331
528_258.0977_0.61,1.3185824385787013,Ctns gene knockout_9,-0.02333865617318129,528
3727_452.2783_4.78,1.3185381928700648,Ctns gene knockout_9,-0.02333787303262762,3727
3343_199.1696_4.27,1.3124289042500132,Ctns gene knockout_9,-0.023229739796210642,3343
4417_419.3169_5.65,1.3118179710147366,Ctns gene knockout_9,-0.023218926395162875,4417
1564_286.1192_2.41,1.310663661608453,wild type control_9,0.023198495340143094,1564
2024_203.1103_2.86,1.3103492241004953,Ctns gene knockout_9,-0.023192929856581754,2024
2911_306.1919_3.73,1.309771949531526,Ctns gene knockout_9,-0.023182712207469716,2911
4870_323.259_6.52,1.3091096287377952,wild type control_9,0.02317098925649678,4870
1212_308.1976_2.05,1.3089344388560997,Ctns gene knockout_9,-0.02316788842920356,1212
1214_336.2289_2.0,1.3086004283148915,wild type control_9,0.023161976506709064,1214
168_132.1133_0.25,1.3062468813129682,wild type control_9,0.023120319176338035,168
2713_241.1918_3.52,1.3053141731783702,wild type control_9,0.023103810421309583,2713
4786_339.254_6.23,1.3052679231306814,wild type control_9,0.023102991804339255,4786
4537_427.3581_5.87,1.3046142058766383,Ctns gene knockout_9,-0.023091421134368073,4537
1323_328.1974_2.24,1.3029450332060357,wild type control_9,0.02306187709835402,1323
4802_509.2885_6.4,1.3019983125758643,wild type control_9,0.023045120324842426,4802
4359_515.3201_5.58,1.301258533881466,wild type control_9,0.023032026383889126,4359
3465_285.0766_4.42,1.300223952550403,wild type control_9,0.023013714492829136,3465
4191_267.1963_5.35,1.2981195788294275,Ctns gene knockout_9,-0.022976467481723283,4191
3870_520.3411_4.97,1.2977680466744064,Ctns gene knockout_9,-0.022970245430026084,3870
1653_357.1528_2.49,1.2973306807368445,Ctns gene knockout_9,-0.0229625041368464,1653
4643_280.2642_6.08,1.2971379387282633,wild type control_9,0.022959092640274938,4643
3803_520.3411_4.94,1.2955623639220677,Ctns gene knockout_9,-0.022931205268502744,3803
4579_394.3537_5.94,1.2937324167506628,Ctns gene knockout_9,-0.022898815554671475,4579
1599_258.2071_2.39,1.2909058791512789,wild type control_9,0.022848786381475677,1599
158_300.1298_0.23,1.2901775074213417,wild type control_9,0.022835894341604743,158
3818_480.3718_4.92,1.2888388069702024,Ctns gene knockout_9,-0.02281219960046918,3818
1439_151.0757_2.31,1.288464240792043,wild type control_9,0.022805569850981852,1439
1334_705.9211_2.25,1.2873799160909554,wild type control_9,0.02278637751181643,1334
4239_361.236_5.44,1.2873154962951876,wild type control_9,0.022785237293791238,4239
4449_228.2328_5.76,1.2869550508128518,wild type control_9,0.022778857477910724,4449
328_291.0708_0.36,1.285628863652425,wild type control_9,0.02275538421961991,328
750_211.1446_1.04,1.2844400776289064,wild type control_9,0.02273434293508992,750
3703_339.2523_4.77,1.283941153117067,wild type control_9,0.022725512066956454,3703
3588_285.2796_4.62,1.2838429063677637,wild type control_9,0.022723773118343886,3588
3279_362.2911_4.19,1.281626542775474,wild type control_9,0.022684543908002695,3279
1597_248.0899_2.45,1.2807950504438892,wild type control_9,0.022669826653267815,1597
5158_386.3276_7.14,1.2805711865041687,wild type control_9,0.022665864304486395,5158
3795_529.3833_4.89,1.280245261139281,Ctns gene knockout_9,-0.022660095488061513,3795
2612_440.3019_3.41,1.2801647851961884,wild type control_9,0.02265867107930928,2612
1819_473.2408_2.67,1.2785773619397625,wild type control_9,0.022630573992241314,1819
140_365.1065_0.23,1.2780653943443894,Ctns gene knockout_9,-0.022621512264031814,140
471_319.1663_0.47,1.2778478498184125,wild type control_9,0.02261766176766118,471
1701_297.1453_2.54,1.2776999692947948,Ctns gene knockout_9,-0.022615044310766223,1701
2161_650.3975_2.99,1.2775119045514172,Ctns gene knockout_9,-0.02261171560089146,2161
3642_522.3766_4.67,1.275382693738753,Ctns gene knockout_9,-0.022574028978028078,3642
2225_483.6358_3.05,1.274767030933704,wild type control_9,0.022563131864502782,2225
4362_317.2097_5.49,1.2744864929034598,wild type control_9,0.022558166395192855,4362
1445_174.0554_2.34,1.27389948414164,wild type control_9,0.02254777645273501,1445
277_227.1398_0.33,1.2733418047965888,wild type control_9,0.022537905635326684,277
3953_380.2782_5.08,1.2726013750336285,wild type control_9,0.022524800170584752,3953
1418_204.1236_2.25,1.2725614780813022,wild type control_9,0.022524094002183404,1418
3166_235.1699_4.06,1.2719034416642547,wild type control_9,0.02251244688385574,3166
3813_149.0601_4.92,1.2716811668142178,wild type control_9,0.022508512661656828,3813
951_453.1877_1.58,1.2700616800403461,wild type control_9,0.022479848056481934,951
4767_303.2327_6.21,1.2698236214216714,wild type control_9,0.02247563446460648,4767
2841_271.0608_3.65,1.269058890145419,Ctns gene knockout_9,-0.022462098867741885,2841
3908_353.3036_5.03,1.2677545555789598,wild type control_9,0.02243901239617155,3908
3538_288.2905_4.51,1.267545776644419,Ctns gene knockout_9,-0.022435317049087525,3538
2393_435.1295_3.19,1.26671799666671,Ctns gene knockout_9,-0.022420665502303986,2393
3785_481.0089_4.87,1.2661335513336425,Ctns gene knockout_9,-0.02241032093204322,3785
1052_265.0691_1.83,1.2656495303731565,Ctns gene knockout_9,-0.022401753853909245,1052
2733_605.201_3.52,1.2651906517301097,wild type control_9,0.022393631789970014,2733
109_140.0684_0.22,1.265038652385401,wild type control_9,0.022390941430732003,109
3939_697.4915_5.06,1.2641209030891862,wild type control_9,0.022374697444272864,3939
4269_682.4393_5.45,1.263485989818742,Ctns gene knockout_9,-0.02236345960120356,4269
2954_437.1219_3.79,1.2633695053185534,Ctns gene knockout_9,-0.022361397847899502,2954
2604_952.5334_3.35,1.2627278699524331,Ctns gene knockout_9,-0.022350041025026468,2604
1467_302.1504_2.36,1.2618014193274867,Ctns gene knockout_9,-0.022333643026718253,1467
1256_311.1976_2.14,1.261432679640515,wild type control_9,0.022327116405007053,1256
423_262.1768_0.45,1.2609389456202427,wild type control_9,0.02231837740757845,423
2397_452.156_3.2,1.2593321902733823,Ctns gene knockout_9,-0.022289938146218945,2397
2121_437.2057_2.97,1.259239227721682,Ctns gene knockout_9,-0.022288292726890098,2121
3428_269.1755_4.41,1.2577169713027287,Ctns gene knockout_9,-0.02226134908034217,3428
2896_515.3162_3.71,1.2570903444759902,wild type control_9,0.02225025790573658,2896
2410_403.164_3.21,1.256540336409138,Ctns gene knockout_9,-0.02224052286848053,2410
2252_367.2104_3.14,1.2565204279450677,Ctns gene knockout_9,-0.02224017049248622,2252
2019_220.1371_2.86,1.256094571001351,Ctns gene knockout_9,-0.022232632906289424,2019
1551_270.08_2.42,1.2557131035621996,Ctns gene knockout_9,-0.02222588100580665,1551
512_158.0274_0.57,1.2543630373479548,Ctns gene knockout_9,-0.02220198509284481,512
2651_328.2494_3.44,1.2496365309139708,wild type control_9,0.02211832683581388,2651
4172_543.399_5.33,1.2489265833754113,wild type control_9,0.022105760900595378,4172
2080_195.0996_2.93,1.2485800251257355,Ctns gene knockout_9,-0.022099626886068473,2080
391_255.0747_0.45,1.248462438295227,Ctns gene knockout_9,-0.022097545621729255,391
4448_201.1489_5.85,1.246930102852167,wild type control_9,0.022070423578388454,4448
1195_232.1185_2.02,1.2466366184750188,wild type control_9,0.022065228961222275,1195
2022_365.2331_2.86,1.246508884280667,Ctns gene knockout_9,-0.02206296809048995,2022
305_242.114_0.35,1.2463590842736783,wild type control_9,0.022060316659107612,305
22_151.0356_0.2,1.246287695455749,wild type control_9,0.022059053090727268,22
4593_293.2118_6.0,1.2452173387911982,Ctns gene knockout_9,-0.022040107983128575,4593
3014_553.2955_3.86,1.2450136113611712,wild type control_9,0.022036502046705236,3014
3824_917.4891_4.92,1.2449513284452252,Ctns gene knockout_9,-0.022035399651042897,3824
740_237.1604_0.93,1.24405483376954,wild type control_9,0.022019531867289114,740
4227_379.264_5.39,1.24404513887928,wild type control_9,0.022019360269591618,4227
1714_201.1125_2.62,1.2434805278880836,Ctns gene knockout_9,-0.02200936676337646,1714
1913_239.1394_2.75,1.2428923317904055,Ctns gene knockout_9,-0.021998955805301732,1913
5323_311.2952_7.69,1.2426640855600524,wild type control_9,0.021994915890816917,5323
677_225.074_0.81,1.2415729517791887,Ctns gene knockout_9,-0.021975603032245886,677
4316_358.2962_5.52,1.2414317006084095,wild type control_9,0.02197310291362423,4316
4522_241.1805_5.84,1.2407265477526217,Ctns gene knockout_9,-0.021960621843370855,4522
336_180.0882_0.39,1.2384096687491861,Ctns gene knockout_9,-0.02191961352953776,336
323_245.1502_0.4,1.2382551874962828,Ctns gene knockout_9,-0.021916879241000897,323
2354_243.1021_3.16,1.2373454010025953,wild type control_9,0.021900776194618707,2354
1416_177.055_2.33,1.237233603374669,Ctns gene knockout_9,-0.021898797398054445,1416
2421_533.3269_3.3,1.2370872404807671,Ctns gene knockout_9,-0.02189620680291428,2421
4131_522.3567_5.28,1.2370441297852166,Ctns gene knockout_9,-0.02189544375187447,4131
4065_522.3567_5.24,1.2369145195093518,Ctns gene knockout_9,-0.021893149674859322,4065
2981_390.286_3.82,1.2365341926993978,wild type control_9,0.021886417963294495,2981
1573_154.123_2.44,1.2363692747574366,Ctns gene knockout_9,-0.02188349894736374,1573
517_188.0921_0.54,1.2363301921006482,Ctns gene knockout_9,-0.021882807191837175,517
4741_309.2432_6.28,1.2358658118591233,wild type control_9,0.021874587750660444,4741
3856_599.3705_4.96,1.2347676082393342,Ctns gene knockout_9,-0.021855149757296882,3856
1909_308.1533_2.75,1.2335048961339994,Ctns gene knockout_9,-0.021832799995302566,1909
3052_1247.4681_3.9,1.2333413629267131,wild type control_9,0.021829905488909878,3052
835_267.1095_1.24,1.232872365522475,wild type control_9,0.02182160432483899,835
4226_638.9613_5.37,1.232081181394771,wild type control_9,0.02180760051757908,4226
1023_166.1442_1.77,1.2319319710456935,wild type control_9,0.021804959523028633,1023
285_268.1047_0.33,1.231137479706465,wild type control_9,0.021790897178759275,285
1077_327.1407_1.9,1.2300597610359052,Ctns gene knockout_9,-0.02177182176506673,1077
1903_198.1128_2.73,1.2290475930700182,Ctns gene knockout_9,-0.021753906586270015,1903
1471_428.19_2.38,1.2288526306728513,Ctns gene knockout_9,-0.0217504557892466,1471
2747_356.3533_3.53,1.2286446800706383,wild type control_9,0.021746775103485848,2747
3285_304.1762_4.2,1.228448594469653,Ctns gene knockout_9,-0.021743304425970347,3285
1166_348.1297_2.05,1.2283580590510064,wild type control_9,0.021741701966430868,1166
1440_319.1267_2.34,1.226859274623488,Ctns gene knockout_9,-0.02171517376962789,1440
3345_456.3331_4.22,1.2267470718265965,wild type control_9,0.021713187801650685,3345
193_124.0396_0.3,1.2255414520676668,Ctns gene knockout_9,-0.02169184856323372,193
613_382.0778_0.72,1.223869089991902,wild type control_9,0.021662248075360234,613
274_344.1349_0.32,1.2233653427624456,Ctns gene knockout_9,-0.021653331846050256,274
2098_206.1392_2.93,1.2227143955557513,Ctns gene knockout_9,-0.021641810205385675,2098
5315_645.5081_7.67,1.2215555001062994,Ctns gene knockout_9,-0.021621297978281714,5315
1972_356.2653_2.83,1.2211764735331645,Ctns gene knockout_9,-0.021614589280659114,1972
4009_400.3433_5.14,1.220884902027591,wild type control_9,0.021609428520952795,4009
3512_338.2392_4.5,1.2201561396083918,wild type control_9,0.021596529565956882,3512
1406_156.1023_2.31,1.22006459445967,wild type control_9,0.021594909234388806,1406
4692_372.3119_6.18,1.2199864701772778,wild type control_9,0.02159352644957977,4692
1424_184.0972_2.33,1.218934715082574,Ctns gene knockout_9,-0.021574910586198377,1424
1104_314.1816_1.92,1.2187989505722416,Ctns gene knockout_9,-0.021572507580413937,1104
5248_597.5106_7.46,1.218602373831167,wild type control_9,0.02156902820981309,5248
2227_458.203_3.05,1.2183723619753424,wild type control_9,0.02156495704409619,2227
5029_445.3687_6.78,1.218148200144846,Ctns gene knockout_9,-0.021560989422705186,5029
4019_518.3231_5.15,1.2178171522943952,Ctns gene knockout_9,-0.021555129939268666,4019
664_332.1346_0.82,1.2177094135199535,Ctns gene knockout_9,-0.021553222983632332,664
3114_233.1179_3.96,1.217213388165117,wild type control_9,0.021544443430021574,3114
3096_277.1806_3.93,1.2162367489322004,Ctns gene knockout_9,-0.021527157102981715,3096
3985_653.4649_5.12,1.2150802090685402,wild type control_9,0.021506686569294314,3985
3734_260.0746_4.79,1.2141490457161732,wild type control_9,0.021490205156614966,3734
611_312.1309_0.7,1.2126077849511963,wild type control_9,0.021462925136788685,611
1907_443.23_2.73,1.2118259790907395,Ctns gene knockout_9,-0.02144908732305969,1907
1680_241.1053_2.66,1.21134447547463,wild type control_9,0.021440564801438185,1680
2763_427.2676_3.68,1.2112523166668334,wild type control_9,0.021438933608222223,2763
5205_828.5535_7.29,1.2104803244354445,wild type control_9,0.021425269493844837,5205
4274_594.4334_5.46,1.210053184779883,Ctns gene knockout_9,-0.0214177092038945,4274
3349_181.159_4.28,1.2098599991433387,Ctns gene knockout_9,-0.0214142898551932,3349
1676_230.1392_2.51,1.209285518305252,Ctns gene knockout_9,-0.021404121654581762,1676
4157_393.2622_5.3,1.20922780148378,Ctns gene knockout_9,-0.02140310007791554,4157
1058_136.076_1.85,1.2087327558533356,Ctns gene knockout_9,-0.021394337865238543,1058
487_146.0814_0.53,1.207876906269002,wild type control_9,0.02137918949180332,487
484_168.0634_0.53,1.2073871619243155,wild type control_9,0.021370521110867107,484
3002_398.2906_3.84,1.2069975555952939,wild type control_9,0.021363625153595196,3002
5245_377.306_7.44,1.2055783073504438,Ctns gene knockout_9,-0.021338504731965243,5245
734_158.0452_0.96,1.2053056138007758,wild type control_9,0.021333678108456437,734
2543_287.0923_3.33,1.2044054509067363,Ctns gene knockout_9,-0.021317745397941585,2543
1856_683.3853_2.71,1.2043808151946358,Ctns gene knockout_9,-0.02131730935056413,1856
599_376.1348_0.76,1.202041231385559,wild type control_9,0.02127589916602744,599
687_195.1132_0.86,1.2009016805309927,Ctns gene knockout_9,-0.021255729334541403,687
2100_171.102_2.85,1.2005125853877097,Ctns gene knockout_9,-0.02124884242515899,2100
1065_283.1758_1.87,1.2003087394790348,Ctns gene knockout_9,-0.021245234391686314,1065
202_309.13_0.27,1.1972001944617245,wild type control_9,0.021190213741300538,202
2600_495.3338_3.37,1.1963875271001927,wild type control_9,0.021175829684923753,2600
2110_233.0767_2.95,1.1960602800010747,wild type control_9,0.02117003747405659,2110
1487_372.2238_2.37,1.1952996967888323,wild type control_9,0.021156575297129106,1487
3019_333.2069_3.87,1.1929746329534225,Ctns gene knockout_9,-0.021115422113340446,3019
3787_398.3277_4.86,1.192812543080476,wild type control_9,0.021112553153688644,3787
478_231.1345_0.53,1.1921227605594993,Ctns gene knockout_9,-0.0211003441354124,478
790_275.1163_1.01,1.1918247582207422,wild type control_9,0.021095069551192582,790
741_188.0921_0.97,1.1914316901675894,wild type control_9,0.021088112322067736,741
188_337.1724_0.21,1.1910843484427733,wild type control_9,0.021081964440181167,188
1274_252.0872_2.27,1.190781652581279,Ctns gene knockout_9,-0.021076606781509424,1274
2782_424.3066_3.67,1.1907504390697778,wild type control_9,0.02107605430834463,2782
1682_372.2602_2.52,1.1906589602868682,wild type control_9,0.021074435151438694,1682
200_258.1107_0.27,1.190358856763578,Ctns gene knockout_9,-0.021069123376655785,200
195_259.1406_0.25,1.1887095120956974,wild type control_9,0.021039930292485614,195
2291_536.4434_3.1,1.1883681706288982,Ctns gene knockout_9,-0.021033888614014708,2291
594_152.1285_0.72,1.1872714826847879,wild type control_9,0.021014477447819858,594
1980_228.0636_2.83,1.186584180245605,Ctns gene knockout_9,-0.021002312326515518,1980
884_223.1182_1.29,1.1859682508850782,Ctns gene knockout_9,-0.02099141049500941,884
1033_141.0913_1.8,1.1855533946012347,Ctns gene knockout_9,-0.02098406761838173,1033
4253_548.3724_5.42,1.1848433516594503,wild type control_9,0.02097149999454445,4253
1168_241.0504_2.0,1.1832865552336342,Ctns gene knockout_9,-0.020943944996502064,1168
1975_229.1439_2.94,1.182317642021644,Ctns gene knockout_9,-0.020926795418550255,1975
2085_379.2124_2.92,1.1817885084121043,Ctns gene knockout_9,-0.02091742985518356,2085
64_204.9576_0.21,1.1808111197630062,wild type control_9,0.02090013026362108,64
2840_408.2736_3.64,1.1800830816158594,wild type control_9,0.020887244128101532,2840
1385_215.176_2.26,1.1776807218093075,wild type control_9,0.02084472282045404,1385
1184_245.1866_2.13,1.1765664489488301,Ctns gene knockout_9,-0.020825000404613422,1184
4485_434.3274_5.78,1.1765205878428056,Ctns gene knockout_9,-0.02082418867183592,4485
3927_455.3531_5.05,1.1760920112671596,wild type control_9,0.02081660294867578,3927
5249_619.4925_7.47,1.175660436713696,wild type control_9,0.020808964161883478,5249
3298_423.284_4.22,1.1753123808048276,wild type control_9,0.02080280363907621,3298
2219_716.4373_3.05,1.1749315689246465,wild type control_9,0.02079606334186143,2219
732_155.0818_0.97,1.1744447189800458,wild type control_9,0.020787446191251405,732
1513_401.1905_2.39,1.174328536217077,wild type control_9,0.02078538977863825,1513
826_181.0611_1.17,1.1735892050868941,Ctns gene knockout_9,-0.020772303759485692,826
3134_926.721_4.13,1.1727037741048594,wild type control_9,0.020756631800986785,3134
3414_217.123_4.35,1.172485368363714,wild type control_9,0.020752766061272902,3414
3122_500.3054_4.04,1.1704402223417145,wild type control_9,0.02071656736907521,3122
779_175.1267_1.05,1.1693188801671992,Ctns gene knockout_9,-0.020696719827732468,779
1309_360.1297_2.19,1.1689006228414656,wild type control_9,0.020689316753315878,1309
1224_218.1393_2.12,1.168729119678526,wild type control_9,0.020686281180237284,1224
2152_467.2165_2.97,1.1686961868790484,wild type control_9,0.020685698276005172,2152
245_170.0816_0.3,1.1670512020325168,wild type control_9,0.020656582359836386,245
4956_329.3254_6.67,1.164704804942252,wild type control_9,0.020615051581529896,4956
671_175.0605_0.82,1.1617680169505207,Ctns gene knockout_9,-0.020563070997542728,671
1839_241.1053_2.7,1.161448471915511,wild type control_9,0.020557415111732525,1839
2793_636.27_3.57,1.1610130621395238,Ctns gene knockout_9,-0.0205497084422374,2793
4198_417.2797_5.34,1.1597605375576436,wild type control_9,0.020527538997453597,4198
763_309.0953_1.01,1.1596853818912036,Ctns gene knockout_9,-0.020526208756577343,763
676_254.1506_0.83,1.1590685594819121,Ctns gene knockout_9,-0.02051529111827944,676
669_276.1327_0.83,1.1589986911710677,wild type control_9,0.02051405446258277,669
3017_457.326_3.86,1.1588868819758946,wild type control_9,0.020512075461280463,3017
4519_323.259_5.82,1.1586869366913817,wild type control_9,0.02050853646810706,4519
3881_301.2018_5.0,1.157174080175639,wild type control_9,0.020481759198042453,3881
1347_127.112_2.28,1.156647052627611,Ctns gene knockout_9,-0.02047243091156043,1347
474_206.1393_0.54,1.1560865551516948,Ctns gene knockout_9,-0.020462510213776496,474
3907_507.2364_5.02,1.154704794296792,wild type control_9,0.0204380533117561,3907
4090_431.3145_5.33,1.154162703776543,Ctns gene knockout_9,-0.020428458413555825,4090
4905_337.1681_6.56,1.1537739552685091,wild type control_9,0.02042157763955081,4905
3057_414.3226_3.9,1.1537184390892192,wild type control_9,0.020420595013828983,3057
2652_372.2215_3.42,1.153696751580437,Ctns gene knockout_9,-0.02042021114908461,2652
2658_271.1547_3.43,1.1533766445164009,wild type control_9,0.020414545315468473,2658
1021_282.0836_1.64,1.1529313418619327,wild type control_9,0.02040666354392233,1021
4023_325.2383_5.16,1.1527910523693141,Ctns gene knockout_9,-0.020404180446819607,4023
983_295.1288_1.72,1.1524944959569525,wild type control_9,0.02039893145521957,983
883_182.0791_1.34,1.1517915950563746,Ctns gene knockout_9,-0.020386490244141336,883
296_121.0651_0.34,1.1509996423504505,Ctns gene knockout_9,-0.020372472833194388,296
573_176.0921_0.66,1.1498372490615376,Ctns gene knockout_9,-0.02035189869500308,573
3761_807.5766_4.83,1.1497839845224274,wild type control_9,0.020350955922880422,3761
3836_469.3323_4.94,1.1480604731901376,wild type control_9,0.020320450102980187,3836
1232_193.1438_2.09,1.147048581925402,Ctns gene knockout_9,-0.020302539821740764,1232
4196_457.3323_5.35,1.1468247058466368,wild type control_9,0.02029857725810058,4196
3664_237.149_4.72,1.1466554067127064,Ctns gene knockout_9,-0.02029558069591257,3664
371_144.0658_0.42,1.1463427387868859,Ctns gene knockout_9,-0.02029004653361554,371
4323_277.217_5.51,1.1445006667937188,wild type control_9,0.020257442212765403,4323
3131_392.3033_3.97,1.1442468579284606,wild type control_9,0.02025294984454734,3131
1799_495.1167_2.66,1.1435622879875844,Ctns gene knockout_9,-0.020240833087938764,1799
4043_344.2571_5.18,1.1434647069885888,Ctns gene knockout_9,-0.02023910592297891,4043
2021_413.1756_2.88,1.1416739961881222,wild type control_9,0.02020741068538516,2021
2941_408.3119_3.77,1.1409169621484314,Ctns gene knockout_9,-0.02019401132813088,2941
2529_323.234_3.35,1.1407677749938523,wild type control_9,0.020191370744118604,2529
1520_248.1503_2.38,1.139699983596684,wild type control_9,0.020172471041260395,1520
1462_487.2436_2.37,1.139056257525976,Ctns gene knockout_9,-0.02016107721331729,1462
3943_506.3615_5.07,1.138630689029117,Ctns gene knockout_9,-0.020153544732574535,3943
1199_264.0542_2.05,1.1385173214259112,Ctns gene knockout_9,-0.020151538147749056,1199
649_230.0429_0.81,1.1383025314062194,wild type control_9,0.02014773640561117,649
4220_524.3748_5.37,1.1380304929914764,wild type control_9,0.020142921377864834,4220
1271_299.1614_2.14,1.137197400396502,Ctns gene knockout_9,-0.020128175798775003,1271
418_211.1082_0.48,1.1368603817808023,wild type control_9,0.020122210633939153,418
4089_494.3255_5.26,1.136729662262274,Ctns gene knockout_9,-0.020119896923541686,4089
267_269.1114_0.32,1.135659671941061,Ctns gene knockout_9,-0.020100958300149782,267
463_247.1294_0.47,1.1355650213654105,wild type control_9,0.020099283003120888,463
3969_536.3912_5.1,1.135480100646576,wild type control_9,0.020097779922690823,3969
5140_768.5928_6.96,1.1354560679397268,wild type control_9,0.020097354548390622,5140
4861_445.3687_6.67,1.1340954091551496,wild type control_9,0.020073271148966242,4861
4241_573.0737_5.4,1.1335515148276774,wild type control_9,0.020063644323724202,4241
1791_257.0903_2.64,1.1330470371620265,wild type control_9,0.02005471516583373,1791
2673_231.1419_3.44,1.1302787556512774,Ctns gene knockout_9,-0.020005717114229472,2673
2669_387.1086_3.43,1.1298834345311712,Ctns gene knockout_9,-0.01999872000625183,2669
3789_219.1961_4.88,1.1295402790559095,Ctns gene knockout_9,-0.019992646220179183,3789
4823_832.5848_6.51,1.1287187867967954,Ctns gene knockout_9,-0.01997810596480838,4823
260_231.0847_0.31,1.1281933051664774,wild type control_9,0.019968805040773217,260
3611_286.2749_4.63,1.1275086109902936,wild type control_9,0.01995668608522353,3611
514_246.1455_0.58,1.1273815677638326,wild type control_9,0.019954437444490304,514
4963_333.241_6.6,1.127160865285674,wild type control_9,0.019950531052971954,4963
1218_310.1655_2.07,1.1261592634556903,wild type control_9,0.019932802892753457,1218
1466_326.1969_2.35,1.1259211296774363,Ctns gene knockout_9,-0.019928587970567867,1466
4491_370.2961_5.8,1.1252796936329474,Ctns gene knockout_9,-0.01991723467564947,4491
675_127.0392_0.83,1.1251033079572428,Ctns gene knockout_9,-0.019914112683031712,675
5436_647.5236_7.99,1.12507898585291,Ctns gene knockout_9,-0.01991368218645158,5436
4828_471.3819_6.45,1.1225700524522497,wild type control_9,0.019869274546636097,4828
4847_340.2856_6.48,1.122525302440947,wild type control_9,0.019868482480021994,4847
3353_403.2336_4.29,1.1223770767764014,wild type control_9,0.01986585891419884,3353
825_135.0555_1.17,1.1218562458258714,Ctns gene knockout_9,-0.019856640306303627,825
845_313.1079_1.22,1.1197259851413173,Ctns gene knockout_9,-0.019818935100909228,845
551_461.2114_0.6,1.118311838929786,wild type control_9,0.019793904984290116,551
3566_875.4784_4.57,1.11688048036369,wild type control_9,0.019768570212297658,3566
5144_433.286_7.08,1.116589537862294,wild type control_9,0.0197634205858446,5144
2337_345.0411_3.15,1.1153126554344754,wild type control_9,0.0197408200118611,2337
4474_363.2516_5.77,1.1138586776280075,wild type control_9,0.0197150848836539,4474
3273_348.2026_4.18,1.1136298194403456,Ctns gene knockout_9,-0.01971103413764213,3273
584_201.1101_0.67,1.1131815447267093,wild type control_9,0.019703099761218944,584
4492_466.3314_5.79,1.1131232339070654,Ctns gene knockout_9,-0.019702067670899045,4492
1289_338.1817_2.18,1.1130576696726142,Ctns gene knockout_9,-0.019700907196528734,1289
4351_441.227_5.57,1.1128960219100315,Ctns gene knockout_9,-0.019698046062145546,4351
4555_410.3252_5.92,1.112496336514774,Ctns gene knockout_9,-0.01969097170733508,4555
4331_667.4806_5.53,1.110741197506151,wild type control_9,0.019659906083631988,4331
3520_553.4222_4.51,1.1091153366889124,wild type control_9,0.019631128659112457,3520
2588_737.4207_3.39,1.1088933328934176,Ctns gene knockout_9,-0.01962719923452693,2588
1303_345.2142_2.2,1.1067578744761952,wild type control_9,0.01958940203026157,1303
1156_254.1028_1.99,1.1057439199000338,wild type control_9,0.019571455228805785,1156
2890_257.1754_3.81,1.105221295636712,Ctns gene knockout_9,-0.01956220487961823,2890
2903_482.2947_3.72,1.1035737908370562,wild type control_9,0.01953304436076263,2903
3072_835.5352_3.91,1.103382550841108,wild type control_9,0.019529659449526587,3072
3568_201.1489_4.57,1.1031361837708629,Ctns gene knockout_9,-0.019525298799652438,3568
3407_317.2697_4.35,1.1023310931542267,Ctns gene knockout_9,-0.019511048850206596,3407
4142_327.2903_5.3,1.1020952670438866,wild type control_9,0.01950687477330032,4142
1122_162.0553_1.92,1.1014484747097186,Ctns gene knockout_9,-0.01949542667308228,1122
3146_430.3175_4.02,1.1008663529896503,Ctns gene knockout_9,-0.019485123230325786,3146
1441_146.0603_2.34,1.1007482701594271,Ctns gene knockout_9,-0.019483033186886784,1441
5527_658.5632_8.32,1.1002164811865014,Ctns gene knockout_9,-0.019473620624097625,5527
4013_643.2872_5.14,1.099962958905634,wild type control_9,0.019469133328368294,4013
3102_422.2913_3.95,1.0985749156602822,wild type control_9,0.01944456522924232,3102
558_237.1604_0.71,1.0977639959963839,wild type control_9,0.019430212106778325,558
495_219.1345_0.55,1.0970228417615266,Ctns gene knockout_9,-0.01941709381902282,495
1834_460.3126_2.69,1.0967358473736075,Ctns gene knockout_9,-0.019412014073420795,1834
670_325.0893_0.82,1.0960196221190404,Ctns gene knockout_9,-0.01939933702383343,670
1217_234.1494_2.08,1.0947817769607993,Ctns gene knockout_9,-0.019377427402031574,1217
5406_449.3611_7.94,1.0943491085195627,wild type control_9,0.019369769253635566,5406
2585_532.2934_3.37,1.094208567052441,wild type control_9,0.019367281696632484,2585
4590_340.2574_6.06,1.093803515082665,wild type control_9,0.019360112354482695,4590
2960_383.3279_3.78,1.0916213599063842,wild type control_9,0.01932148862654147,2960
403_239.1008_0.45,1.0911822231335395,wild type control_9,0.019313715989917043,403
1814_299.0916_2.63,1.0910229112256136,wild type control_9,0.01931089619971311,1814
1131_209.0644_1.95,1.0907733420159158,wild type control_9,0.01930647887258503,1131
2909_274.1841_3.71,1.0902507689377678,Ctns gene knockout_9,-0.01929722942936523,2909
2340_323.0591_3.15,1.0895559875731817,Ctns gene knockout_9,-0.019284931932516198,2340
3068_425.3103_3.91,1.0887467712664147,Ctns gene knockout_9,-0.019270608959146614,3068
3029_441.2827_3.9,1.0886108913426353,wild type control_9,0.019268203910566304,3029
3003_431.2779_3.93,1.0885096402223813,wild type control_9,0.01926641178516434,3003
4138_353.2696_5.29,1.0884780434858348,wild type control_9,0.019265852528989772,4138
4261_334.275_5.38,1.0882264267366564,wild type control_9,0.01926139896080573,4261
481_253.1164_0.53,1.0878264204804113,Ctns gene knockout_9,-0.019254318926817348,481
731_154.0865_0.97,1.0864741000726432,wild type control_9,0.019230383115062644,731
4437_487.377_5.68,1.0858889477659868,wild type control_9,0.019220026031505,4437
1132_295.166_1.96,1.0853250476621732,Ctns gene knockout_9,-0.01921004510786013,1132
483_341.1218_0.56,1.0847674048591074,Ctns gene knockout_9,-0.019200174937237934,483
2248_498.3113_3.07,1.0842230604663061,Ctns gene knockout_9,-0.019190540145925923,2248
924_293.0637_1.49,1.0838836330770232,wild type control_9,0.01918453234625981,924
3956_280.2642_5.08,1.0830034227965517,Ctns gene knockout_9,-0.019168952793176906,3956
3582_330.2648_4.65,1.0823892661255137,wild type control_9,0.019158082337934628,3582
805_282.1917_1.18,1.0817648920500282,Ctns gene knockout_9,-0.019147031036593994,805
181_121.0722_0.24,1.0817467396565543,wild type control_9,0.01914670974271231,181
5247_410.3179_7.46,1.081627018380765,wild type control_9,0.019144590699101148,5247
1245_289.14_2.11,1.0793265388690938,Ctns gene knockout_9,-0.019103872653125794,1245
1560_249.1103_2.45,1.079064712610012,Ctns gene knockout_9,-0.019099238378575308,1560
4291_296.231_5.51,1.0790337802711893,wild type control_9,0.019098690882112978,4291
717_175.0869_0.93,1.0789932543529837,Ctns gene knockout_9,-0.01909797358113624,717
4290_363.2517_5.52,1.0789831230254316,Ctns gene knockout_9,-0.019097794258582414,4290
3516_492.3102_4.51,1.0778113740182054,wild type control_9,0.01907705452597199,3516
4195_420.3333_5.35,1.0774373908110968,wild type control_9,0.019070435094960415,4195
1266_123.0807_2.22,1.077431133748491,Ctns gene knockout_9,-0.0190703243461528,1266
2048_445.1843_2.88,1.0769312395773902,Ctns gene knockout_9,-0.019061476315236452,2048
4628_441.2987_6.04,1.0769187396309896,wild type control_9,0.01906125506858346,4628
2886_397.2572_3.7,1.0760866760007408,wild type control_9,0.01904652770197185,2886
4576_334.1871_5.97,1.0756184339685995,wild type control_9,0.019038239907842147,4576
1947_241.1441_2.81,1.0754780106403259,wild type control_9,0.019035754441874008,1947
4181_361.236_5.53,1.0754585926126596,wild type control_9,0.019035410746509954,4181
49_223.9896_0.19,1.0748758728732566,wild type control_9,0.019025096718925976,49
1413_309.1818_2.33,1.0746685389860855,wild type control_9,0.019021426948903138,1413
465_172.0971_0.5,1.0743748197201857,Ctns gene knockout_9,-0.019016228174251124,465
3864_388.3067_4.97,1.074303516295091,wild type control_9,0.019014966117307568,3864
2420_478.9761_3.22,1.0739337255103303,wild type control_9,0.01900842089136717,2420
1140_296.1162_1.92,1.0713481708169599,Ctns gene knockout_9,-0.018962657069371655,1140
4560_438.3802_5.92,1.0713364658016555,Ctns gene knockout_9,-0.01896244989284655,4560
5242_548.427_7.44,1.0710645819171234,wild type control_9,0.0189576376002553,5242
1050_208.0609_1.94,1.0709570489261806,Ctns gene knockout_9,-0.018955734286947416,1050
1174_407.24_2.01,1.0695415448391958,wild type control_9,0.01893068013619331,1174
3591_325.2734_4.61,1.069455113640119,wild type control_9,0.01892915032055276,3591
988_129.0549_1.69,1.0686702558075931,wild type control_9,0.018915258487503705,988
2399_351.0179_3.22,1.0685439613345276,wild type control_9,0.01891302309956192,2399
682_180.1598_0.85,1.0679146379809772,wild type control_9,0.018901884196949128,682
2043_423.2761_2.88,1.067552634610687,wild type control_9,0.018895476806750723,2043
1227_181.0975_2.09,1.0674682171341736,wild type control_9,0.018893982633613186,1227
1582_172.1336_2.44,1.066744864993925,Ctns gene knockout_9,-0.01888117943951666,1582
2417_479.3105_3.22,1.0656231021209297,wild type control_9,0.01886132445189154,2417
493_238.1193_0.54,1.0654911664825577,Ctns gene knockout_9,-0.018858989216406174,493
1280_293.1531_2.19,1.0651958115944464,Ctns gene knockout_9,-0.018853761491554835,1280
2501_801.4504_3.29,1.0645633228136953,Ctns gene knockout_9,-0.018842566561487924,2501
848_201.0371_1.24,1.063852826177431,wild type control_9,0.018829990907345395,848
3914_485.6808_5.04,1.0617697808789026,wild type control_9,0.01879312140522468,3914
1756_294.1921_2.59,1.0610085039441484,wild type control_9,0.018779646949541838,1756
4243_441.2625_5.39,1.0603332058320074,wild type control_9,0.018767694302522935,4243
766_165.055_1.03,1.0600594285024159,Ctns gene knockout_9,-0.018762848496317416,766
5500_542.5156_8.26,1.06002816010345,Ctns gene knockout_9,-0.018762295051655033,5500
1331_344.2665_2.25,1.059981577841209,wild type control_9,0.018761470554550866,1331
1234_158.118_2.09,1.057707573722723,wild type control_9,0.01872122111795519,1234
685_248.0957_0.85,1.0567258242852,Ctns gene knockout_9,-0.01870384434127427,685
1025_247.1082_1.72,1.056402133073387,Ctns gene knockout_9,-0.018698115068930158,1025
2826_438.2865_3.62,1.0556150898056489,wild type control_9,0.018684184554097157,2826
1933_430.3021_2.78,1.0554181637586952,wild type control_9,0.018680699000849267,1933
3511_337.236_4.5,1.054619982345675,wild type control_9,0.018666571342981792,3511
1484_205.1076_2.37,1.0538898670498098,wild type control_9,0.01865364844232846,1484
1912_400.2552_2.77,1.053176928984446,Ctns gene knockout_9,-0.0186410295753593,1912
2166_309.2279_2.98,1.052949071062359,wild type control_9,0.018636996533856292,2166
2863_396.2217_3.69,1.0505869016083988,wild type control_9,0.018595186587738555,2863
3433_313.322_4.43,1.0505689619618226,Ctns gene knockout_9,-0.018594869059436143,3433
3305_401.3021_4.22,1.0505141657167547,wild type control_9,0.018593899176411917,3305
2939_506.2794_3.77,1.050453056653611,Ctns gene knockout_9,-0.01859281755771896,2939
243_271.1272_0.27,1.0497026347620029,wild type control_9,0.0185795352342171,243
854_185.129_1.33,1.049633490770972,Ctns gene knockout_9,-0.018578311398842157,854
2553_582.0387_3.34,1.0491737931915373,wild type control_9,0.018570174839885982,2553
2088_255.1211_2.92,1.0475664018865936,wild type control_9,0.018541724322190423,2088
4300_303.2327_5.48,1.0472410081974317,wild type control_9,0.018535964916323876,4300
2509_307.0584_3.3,1.0447885063618494,Ctns gene knockout_9,-0.01849255610438304,2509
4984_463.3793_6.71,1.043412986161776,wild type control_9,0.018468209660755762,4984
4626_525.3411_6.03,1.0422823097945335,wild type control_9,0.018448196905992652,4626
4378_353.2103_5.59,1.041755538081593,wild type control_9,0.0184388731477426,4378
4315_345.3011_5.53,1.040803538494092,wild type control_9,0.018422022937699116,4315
2456_508.3269_3.26,1.0401350379669914,wild type control_9,0.01841019060663121,2456
2381_449.6252_3.18,1.0391795567399151,wild type control_9,0.01839327877223525,2381
2696_358.369_3.48,1.038672687209809,Ctns gene knockout_9,-0.018384307278802837,2696
993_247.1447_1.66,1.0385451661964251,Ctns gene knockout_9,-0.018382050181332744,993
2518_552.6876_3.31,1.0374978492263343,wild type control_9,0.01836351287190548,2518
3621_566.4019_4.65,1.0334216136321377,wild type control_9,0.018291364283974654,3621
3651_227.1073_4.7,1.0332811226237453,wild type control_9,0.0182888776200814,3651
1373_128.1072_2.2,1.033247570683689,wild type control_9,0.018288283757179842,1373
3546_376.3069_4.56,1.0322188509723116,Ctns gene knockout_9,-0.01827007561566365,3546
2332_240.1599_3.15,1.0303274560135027,Ctns gene knockout_9,-0.018236598287784997,2332
3832_379.2466_4.88,1.0296861265434902,wild type control_9,0.01822524687921438,3832
513_233.1502_0.6,1.0296630612848603,Ctns gene knockout_9,-0.018224838628562043,513
4093_426.3589_5.24,1.0274459056133236,wild type control_9,0.018185595398570148,4093
2435_493.6515_3.24,1.026775165510658,wild type control_9,0.01817372342744444,2435
4307_349.2359_5.59,1.0262322151450474,wild type control_9,0.018164113310146238,4307
3978_474.3587_5.12,1.0237072957851037,Ctns gene knockout_9,-0.018119422721918584,3978
2807_256.1548_3.6,1.0225119371944513,wild type control_9,0.01809826510421137,2807
3144_353.2308_4.0,1.0222181949885802,wild type control_9,0.018093065923526268,3144
415_221.0905_0.44,1.0216169731836557,wild type control_9,0.018082424412932452,415
2407_464.3008_3.2,1.0216076293499579,wild type control_9,0.018082259028868754,2407
557_205.1551_0.58,1.0214796013723944,Ctns gene knockout_9,-0.018079992958229953,557
4435_315.1964_5.7,1.0214744827237525,Ctns gene knockout_9,-0.018079902359131077,4435
4757_355.2643_6.32,1.0211131610094657,Ctns gene knockout_9,-0.018073507034113152,4757
486_156.1136_0.53,1.020985309469687,wild type control_9,0.01807124408638929,486
1632_248.1863_2.45,1.0209216589375152,wild type control_9,0.01807011748418215,1632
1626_439.1009_2.58,1.020597706437836,wild type control_9,0.018064383587092933,1626
4271_356.2805_5.53,1.0201234382297568,Ctns gene knockout_9,-0.018055989130805347,4271
1706_197.0788_2.54,1.0192599371621205,wild type control_9,0.01804070532758371,1706
4980_455.3353_6.71,1.0179976091274108,wild type control_9,0.018018362363565767,4980
1527_127.112_2.39,1.0164394265136478,Ctns gene knockout_9,-0.017990782830262685,1527
3275_287.1261_4.18,1.0163349124704395,Ctns gene knockout_9,-0.01798893295175047,3275
3567_213.1855_4.51,1.0157894264782024,wild type control_9,0.017979277954347478,3567
1973_342.1348_2.81,1.015564735682541,Ctns gene knockout_9,-0.017975300970374544,1973
5513_632.5629_8.28,1.0144535394827356,Ctns gene knockout_9,-0.017955633010837517,5513
3595_384.2812_4.52,1.0120288304652707,wild type control_9,0.01791271612644489,3595
1948_177.1641_2.79,1.0120233505859348,Ctns gene knockout_9,-0.017912619133632044,1948
3108_270.2073_3.95,1.0114206676329636,wild type control_9,0.017901951760998146,3108
4212_638.4596_5.37,1.0112499815037819,wild type control_9,0.017898930649260302,4212
2514_552.3531_3.31,1.0112181355186776,wild type control_9,0.017898366981434082,2514
2441_493.9859_3.24,1.0098888268926105,wild type control_9,0.017874838473800336,2441
3737_379.2465_4.82,1.0097787146340427,wild type control_9,0.017872889507950362,3737
2437_433.1745_3.24,1.0085207532057154,wild type control_9,0.017850623832027585,2437
3510_315.2539_4.5,1.0076369778970389,Ctns gene knockout_9,-0.017834981178629455,3510
850_240.1235_1.3,1.007472648268601,Ctns gene knockout_9,-0.017832072575735186,850
4766_402.3225_6.3,1.0065733480399086,wild type control_9,0.017816155134231466,4766
2689_519.4168_3.46,1.005836067061793,wild type control_9,0.017803105402377145,2689
2551_581.7042_3.34,1.005236898221167,wild type control_9,0.017792500228857522,2551
4455_359.2996_5.77,1.0051047521411565,Ctns gene knockout_9,-0.01779016126859553,4455
4944_485.3614_6.71,1.0050911685628876,wild type control_9,0.017789920841866383,4944
4301_297.2436_5.52,1.0049539757949097,wild type control_9,0.017787492556195647,4301
2535_567.0288_3.32,1.0047099023036326,wild type control_9,0.01778317250222917,2535
694_191.0294_0.89,1.0044004408582146,wild type control_9,0.01777769509402006,694
2717_237.1857_3.54,1.0043680600944425,wild type control_9,0.017777121960714022,2717
3735_359.2802_4.8,1.0038139217288753,wild type control_9,0.017767313817963173,3735
1073_300.2025_1.88,1.003346807616093,Ctns gene knockout_9,-0.01775904598778972,1073
1403_276.127_2.3,1.0011725483967733,Ctns gene knockout_9,-0.017720562016771746,1403
3119_385.3435_3.97,1.000627854722813,wild type control_9,0.017710921043250234,3119
4785_443.3143_6.37,1.0004727103776943,wild type control_9,0.017708175018108386,4785
4601_316.2855_5.98,1.000264852457746,Ctns gene knockout_9,-0.017704495972805937,4601
596_139.0868_0.72,1.000187440338542,wild type control_9,0.017703125793148693,596
